split,index,text,audio_path_list,label
train,0,"And, yet, after sitting through meeting after meeting, he endorsed that decision, endorsed the sale of arms to the Ayatollah in exchange for hostages, one of the most tragic, one of the most mistaken foreign policy decisions we've ever made in this country and I dare say encouraged others to take hostages as we now know.",MMUSED-fallacy/audio_clips/13_1988/726.wav,0
train,1,The fact is that the president is driving the largest deficits in American history.,MMUSED-fallacy/audio_clips/32_2004/562.wav,0
train,2,"He just doesn't understand how the borders work, evidently, to say that. That is an outrageous claim.",MMUSED-fallacy/audio_clips/32_2004/692.wav|MMUSED-fallacy/audio_clips/32_2004/693.wav,0
train,3,I exempt small businesses from having to pay into a kitty.,MMUSED-fallacy/audio_clips/36_2008/633.wav,0
train,4,I think of a woman in Chicago when I was talking to parents about education where she stood up and said I'm sick and tired of these schools in this city being nothing but a factory for failure.,MMUSED-fallacy/audio_clips/18_1992/955.wav,0
train,5,"It seems to totally belie the claim that I heard President Carter make a few days ago, that he was the first President that had come forth with a real urban strategy to meet the problems of urban America.",MMUSED-fallacy/audio_clips/8_1980/235.wav,2
train,6,People out there listening know what I believe.,MMUSED-fallacy/audio_clips/29_2004/65.wav,1
train,7,"I remember one day on the floor I said now, gentlemen, let me tax your memories, and Kennedy jumped up and said, why haven't we thought of that before. You know, so one of your liberal friends.",MMUSED-fallacy/audio_clips/22_1996/965.wav|MMUSED-fallacy/audio_clips/22_1996/966.wav,1
train,8,Senator Obama voted against Justice Breyer and Justice Roberts on the grounds that they didn't meet his ideological standards. That's not the way we should judge these nominees.,MMUSED-fallacy/audio_clips/36_2008/710.wav|MMUSED-fallacy/audio_clips/36_2008/711.wav,1
train,9,"His democrat governors — Cuomo in New York, you look at what's going on in California, you look at Pennsylvania, North Carolina, Democrats, Democrats all — they are shut down so tight, and they're dying.",MMUSED-fallacy/audio_clips/46_2020/210.wav,0
train,10,"And she lied. I would be a president for all of the people, African- Americans, the inner cities.",MMUSED-fallacy/audio_clips/42_2016/302.wav|MMUSED-fallacy/audio_clips/42_2016/483.wav,2
train,11,"She's a brilliant woman, and she will bring a lifetime of experience and a sizable American family, to the Supreme Court of the United States.",MMUSED-fallacy/audio_clips/45_2020/588.wav,0
train,12,"Now, that is a tremendous life-saving change which will help people carry on their education and allow them to develop the kinds of skills that will help them succeed in the hi-tech economy of today.",MMUSED-fallacy/audio_clips/26_2000/98.wav,0
train,13,Even with more crude available they're probably not going to be able to do very much by way of producing additional home heating oil for this winter.,MMUSED-fallacy/audio_clips/26_2000/453.wav,0
train,14,It is absolutely essential in terms of bringing our banking system and credit system into the new age instead of having it living back in the dark ages. And it's a big fight.,MMUSED-fallacy/audio_clips/21_1992/104.wav|MMUSED-fallacy/audio_clips/21_1992/105.wav,0
train,15,"I will never send troops anywhere on a mission of that kind without telling them that if somebody shoots at them, they can darn well shoot back.",MMUSED-fallacy/audio_clips/12_1984/231.wav,0
train,16,I want us to invest in you. I want us to invest in your future.,MMUSED-fallacy/audio_clips/41_2016/31.wav|MMUSED-fallacy/audio_clips/41_2016/32.wav,0
train,17,"Some desperate child needs to have somebody put their arm around them and say, we love you.",MMUSED-fallacy/audio_clips/27_2000/675.wav,0
train,18,My opponent talks about fiscal sanity. His record in the United States Senate does not match his rhetoric. He voted to increase taxes 98 times and to bust the budget 277 times.,MMUSED-fallacy/audio_clips/32_2004/279.wav|MMUSED-fallacy/audio_clips/32_2004/280.wav|MMUSED-fallacy/audio_clips/32_2004/281.wav,2
train,19,"We're going to choose to move forward because we have enormous opportunities, enormous opportunities to make things better.",MMUSED-fallacy/audio_clips/46_2020/1409.wav,0
train,20,I would say that the issue will stay with us as a campaign issue just as long as Senator Kennedy persists in what I think is a fundamental error.,MMUSED-fallacy/audio_clips/4_1960/409.wav,0
train,21,"Of course now the economy is a complete disaster, but Joe Biden on the one hand, did that.",MMUSED-fallacy/audio_clips/45_2020/312.wav,0
train,22,"Crime has come down the last 2 years, for the first time in many, many decades that it has come down -- or since we've kept records -- 2 consecutive years, and last year it came down the biggest drop in crime that we've had. I think that we've had something to do with that, just as we have with the drug problem nationwide.",MMUSED-fallacy/audio_clips/10_1984/341.wav|MMUSED-fallacy/audio_clips/10_1984/342.wav,3
train,23,"Seniors now understand that the promise made will be a promise kept, but younger workers now understand we better have a government that trusts them and that's exactly what I'm going to do.",MMUSED-fallacy/audio_clips/25_2000/943.wav,5
train,24,"We are a government by the people, and when we move, it should be for very severe and extreme reasons that serve our national interests and end up with a stronger country behind us. It is only in that way that we can persevere.",MMUSED-fallacy/audio_clips/12_1984/207.wav|MMUSED-fallacy/audio_clips/12_1984/208.wav,0
train,25,"Well, let me just said that that this is -- he -- Senator Obama doesn't want a free trade agreement with our best ally in the region but wants to sit down across the table without precondition to -- with Hugo Chavez, the guy who has been helping FARC, the terrorist organization.",MMUSED-fallacy/audio_clips/36_2008/573.wav,1
train,26,"They're building some of the biggest plants anywhere in the world, some of the most sophisticated, some of the best plants. With the United States, as he said, not so much. So Ford is leaving.",MMUSED-fallacy/audio_clips/41_2016/63.wav|MMUSED-fallacy/audio_clips/41_2016/64.wav|MMUSED-fallacy/audio_clips/41_2016/65.wav,3
train,27,"And my case to the American people is, if you're happy with inactivity, stay with the horse.",MMUSED-fallacy/audio_clips/27_2000/829.wav,0
train,28,"There's nothing smart about you, Joe.",MMUSED-fallacy/audio_clips/44_2020/516.wav,2
train,29,"First of all Â I want to make it clear, our military is the strongest, best-trained, best-equipped, best-led fighting force in the world and in the history of the world.",MMUSED-fallacy/audio_clips/25_2000/477.wav,0
train,30,"And it just, it brings me to, you know, the eight minutes and 46 seconds that America witnessed, during which an American man was tortured and killed under the knee of an armed, uniformed police officer.",MMUSED-fallacy/audio_clips/45_2020/697.wav,0
train,31,"As an example, in San Bernardino, many people saw the bombs all over the apartment of the two people that killed 14 and wounded many, many people. Horribly wounded. They'll never be the same.",MMUSED-fallacy/audio_clips/42_2016/234.wav|MMUSED-fallacy/audio_clips/42_2016/235.wav|MMUSED-fallacy/audio_clips/42_2016/236.wav,0
train,32,First let me talk about that joke about religion which I found very distasteful.,MMUSED-fallacy/audio_clips/26_2000/758.wav,0
train,33,I'm very glad to do so.,MMUSED-fallacy/audio_clips/42_2016/371.wav,3
train,34,"And that's why the plan that I've put forward for manufacturing and education, and reducing our deficit in a sensible way, using the savings from ending wars, to rebuild America and putting people back to work.",MMUSED-fallacy/audio_clips/39_2012/621.wav,0
train,35,"And the vast majority of all family businesses would be completely exempt, and all of the others would have sharply reduced.",MMUSED-fallacy/audio_clips/28_2000/632.wav,0
train,36,And I think it's very damaging to our country for Mr. Ford to have turned over this responsibility to the secretary of state.,MMUSED-fallacy/audio_clips/6_1976/149.wav,0
train,37,"You know, Donald was very fortunate in his life, and that's all to his benefit. He started his business with $14 million, borrowed from his father, and he really believes that the more you help wealthy people, the better off we'll be and that everything will work out from there. I don't buy that.",MMUSED-fallacy/audio_clips/41_2016/100.wav|MMUSED-fallacy/audio_clips/41_2016/101.wav|MMUSED-fallacy/audio_clips/41_2016/102.wav,2
train,38,The great threat to our country is that these haters end up with weapons of mass destruction.,MMUSED-fallacy/audio_clips/31_2004/1249.wav,0
train,39,"Well, Donald, I know you live in your own reality, but that is not the facts.",MMUSED-fallacy/audio_clips/41_2016/249.wav,2
train,40,Who fought against wasteful and earmark spending?,MMUSED-fallacy/audio_clips/33_2008/242.wav,0
train,41,I'm talking about a national mood.,MMUSED-fallacy/audio_clips/2_1960/371.wav,0
train,42,"But for us to do what Senator Kennedy has suggested would bring results which I know he would not want, and certainly which the American people would not want.",MMUSED-fallacy/audio_clips/4_1960/205.wav,1
train,43,"It's like if you looked at the -- it's the equivalent of the buggy and horse days, compared to other industries here in America.",MMUSED-fallacy/audio_clips/32_2004/417.wav,0
train,44,We spoke a multitude of tongues.,MMUSED-fallacy/audio_clips/8_1980/409.wav,0
train,45,"Go back to the time he was, what, Texas director for George McGovern. George McGovern is a friend of mine, so I don't mean, but he was a liberal, proud liberal.",MMUSED-fallacy/audio_clips/22_1996/880.wav|MMUSED-fallacy/audio_clips/22_1996/881.wav,1
train,46,We have been wholly indifferent to Latin America until the last few months.,MMUSED-fallacy/audio_clips/2_1960/213.wav,0
train,47,"We've had enough of that, ladies and gentlemen.",MMUSED-fallacy/audio_clips/13_1988/164.wav,0
train,48,"And one journal, the San Francisco Chronicle, a respected newspaper, said there was no question about the fact that Governor Reagan had prevented the State of California from going bankrupt.",MMUSED-fallacy/audio_clips/8_1980/344.wav,1
train,49,"Because the reality is that we're going to have a vaccine, Senator, in record time, in unheard of time, in less than a year.",MMUSED-fallacy/audio_clips/45_2020/157.wav,0
train,50,"What we're talking about is a combination of a strong and effective and credible nuclear deterrent. Strong, well-equipped, well-trained, well-maintained conventional forces. And at the same time a willingness to move forward steadily, thoughtfully cautiously.",MMUSED-fallacy/audio_clips/13_1988/660.wav|MMUSED-fallacy/audio_clips/13_1988/661.wav|MMUSED-fallacy/audio_clips/13_1988/662.wav,0
train,51,"There are Republican leaders, like John McCain, like Richard Lugar, like Chuck Hagel, who have said Iraq is a mess and it's getting worse.",MMUSED-fallacy/audio_clips/30_2004/41.wav,1
train,52,So let me summarize by saying this: I'm not satisfied with what we're doing in the cold war because I believe we have to step up our activities and launch an offensive for the minds and hearts and souls of men.,MMUSED-fallacy/audio_clips/2_1960/194.wav,0
train,53,I would say that the people now have the opportunity to evaluate his as against mine and I think both he and I are going to abide by whatever the people decide.,MMUSED-fallacy/audio_clips/1_1960/257.wav,1
train,54,And you go visit some of those kids in the hospitals today who were maimed because they don't have the armament.,MMUSED-fallacy/audio_clips/29_2004/196.wav,0
train,55,The problems between races in America must be addressed.,MMUSED-fallacy/audio_clips/23_1996/160.wav,0
train,56,"And it is one of the things I've learned in the White House, is that there's enormous pressure on the president, and he cannot wilt under that pressure. Otherwise, the world won't be better off.",MMUSED-fallacy/audio_clips/29_2004/930.wav|MMUSED-fallacy/audio_clips/29_2004/931.wav,4
train,57,"I have seen four wars in my lifetime. I'm a father of sons; I have a grandson. I don't ever want to see another generation of young Americans bleed their lives into sandy beachheads in the Pacific, or rice paddies and jungles in the in Asia or the muddy battlefields of Europe.",MMUSED-fallacy/audio_clips/9_1980/37.wav|MMUSED-fallacy/audio_clips/9_1980/38.wav|MMUSED-fallacy/audio_clips/9_1980/39.wav,0
train,58,"There's no doubt that the system needs reform and there are a lot of screwy things that we end up spending money on, and they need to be eliminated.",MMUSED-fallacy/audio_clips/36_2008/229.wav,0
train,59,"I remember a lady in Houston, Texas, told me, ""Reading is the new civil right,"" and she's right.",MMUSED-fallacy/audio_clips/32_2004/753.wav,1
train,60,"These programs have been cut and slashed and butchered, and they've hurt kids all over this country.",MMUSED-fallacy/audio_clips/13_1988/504.wav,0
train,61,"This is a great country, but I think it could be a greater country; and this is a powerful country, but I think it could be a more powerful country.",MMUSED-fallacy/audio_clips/1_1960/23.wav,0
train,62,"When I watch the deals being made, when I watch what's happening with some horrible things like Obamacare, where your health insurance and health care is going up by numbers that are astronomical, 68 percent, 59 percent, 71 percent, when I look at the Iran deal and how bad a deal it is for us, it's a one-sided transaction where we're giving back $150 billion to a terrorist state, really, the number one terror state, we've made them a strong country from really a very weak country just three years ago.",MMUSED-fallacy/audio_clips/42_2016/23.wav,0
train,63,"They saw a man who was strong, who had conviction, who is resolute, who made it very clear that he will do everything that has to be done to find terrorists, to keep the American people safe.",MMUSED-fallacy/audio_clips/30_2004/219.wav,1
train,64,"We're the richest country on the face of the planet, the only industrialized nation in the world not to do it.",MMUSED-fallacy/audio_clips/32_2004/114.wav,0
train,65,"And then, of course, now I serve in the United States Senate as only the second black woman ever elected to the United States Senate.",MMUSED-fallacy/audio_clips/45_2020/188.wav,0
train,66,"President Obama was right, he said that that was outrageous to have deficits as high as half a trillion dollars under the Bush years.",MMUSED-fallacy/audio_clips/39_2012/559.wav,0
train,67,That's absurd.,MMUSED-fallacy/audio_clips/3_1960/240.wav,0
train,68,The 9/11 Commission put out a report that said America is safer but not yet safe.,MMUSED-fallacy/audio_clips/31_2004/1243.wav,0
train,69,He knows all of the little stinky numbers these guys do.,MMUSED-fallacy/audio_clips/18_1992/887.wav,0
train,70,"This ultimate terrorist threat is the most fearsome of all, and it's part of a pattern where our country must stand firm to control terrorism of all kinds.",MMUSED-fallacy/audio_clips/9_1980/292.wav,0
train,71,"This, to me, is a very important difference between him and me in this election, and I believe the American people will judge accordingly.",MMUSED-fallacy/audio_clips/9_1980/275.wav,1
train,72,"Beyond that, as far as the gold supply is concerned, and as far as the movement of gold is concerned, uh - we have to bear in mind that we must get more help from our allies abroad in this great venture in which all free men are involved of winning the battle for freedom.",MMUSED-fallacy/audio_clips/3_1960/427.wav,0
train,73,We're on the move.,MMUSED-fallacy/audio_clips/31_2004/1238.wav,0
train,74,The present tax structure is a disgrace to this country; it's just a welfare program for the rich.,MMUSED-fallacy/audio_clips/5_1976/85.wav,0
train,75,Every single one of the Joint Chiefs will testify to the fact that readiness is in an historic high.,MMUSED-fallacy/audio_clips/13_1988/706.wav,1
train,76,"I want to make America the most attractive place in the world for entrepreneurs, for small business, for big business, to invest and grow in America.",MMUSED-fallacy/audio_clips/39_2012/1048.wav,0
train,77,"In my faith tradition, it is -- it's written in the book of Matthew, ""Where your heart is, there is your treasure also.""",MMUSED-fallacy/audio_clips/27_2000/935.wav,5
train,78,"And, indeed, I have met a lot of the people who were stiffed by you and your businesses, Donald. I've met dishwashers, painters, architects, glass installers, marble installers, drapery installers, like my dad was, who you refused to pay when they finished the work that you asked them to do. We have an architect in the audience who designed one of your clubhouses at one of your golf courses.",MMUSED-fallacy/audio_clips/41_2016/505.wav|MMUSED-fallacy/audio_clips/41_2016/506.wav|MMUSED-fallacy/audio_clips/41_2016/507.wav,0
train,79,"And I think the fact that this has become such an important part of your campaign, Senator McCain, says more about your campaign than it says about me.",MMUSED-fallacy/audio_clips/36_2008/423.wav,1
train,80,"And the reason President Eisenhower's vetoes have been sustained - the reason the Congress does not send up bills to him which they think will be vetoed - is because the people and the Congress, the majority of them, know the country is behind the President.",MMUSED-fallacy/audio_clips/1_1960/392.wav,1
train,81,"And, as a result, America is now bearing this extraordinary burden where we are not as safe as we ought to be.",MMUSED-fallacy/audio_clips/32_2004/33.wav,0
train,82,I've never seen such ideological squabbles in the Congress of the United States. I've never seen members of a party locked out of meetings the way they're locked out today.,MMUSED-fallacy/audio_clips/32_2004/998.wav|MMUSED-fallacy/audio_clips/32_2004/999.wav,0
train,83,You get a catastrophic plan to help you on it.,MMUSED-fallacy/audio_clips/31_2004/903.wav,0
train,84,The reason Medicare and Medicaid are a mess is we froze them.,MMUSED-fallacy/audio_clips/21_1992/123.wav,3
train,85,It is a welfare system that is more like a third-world socialist country than what we would expect from the world's greatest democratic free-enterprise system.,MMUSED-fallacy/audio_clips/23_1996/156.wav,0
train,86,"We heard Senator Kerry say the other night that there ought to be some kind of global test before U. S. troops are deployed preemptively to protect the United States. That's part of a track record that goes back to the 1970s when he ran for Congress the first time and said troops should not be deployed without U. N. approval. Then, in the mid-'80s, he ran on the basis of cutting most of our major defense programs. In 1991, he voted against Desert Storm. It's a consistent pattern over time of always being on the wrong side of defense issues.",MMUSED-fallacy/audio_clips/30_2004/105.wav|MMUSED-fallacy/audio_clips/30_2004/106.wav|MMUSED-fallacy/audio_clips/30_2004/107.wav|MMUSED-fallacy/audio_clips/30_2004/108.wav|MMUSED-fallacy/audio_clips/30_2004/109.wav,4
train,87,"These terrorists are serious, they're deadly, and they know nothing except trying to kill.",MMUSED-fallacy/audio_clips/31_2004/479.wav,0
train,88,"Since then, he has blamed the people for inflation, OPEC, he has blamed the Federal Reserve system, he has blamed the lack of productivity of the American people, he has then accused the people of living too well and that we must share in scarcity, we must sacrifice and get used to doing with less.",MMUSED-fallacy/audio_clips/9_1980/151.wav,0
train,89,"Americans are angry, they're upset, and they're a little fearful.",MMUSED-fallacy/audio_clips/35_2008/49.wav,0
train,90,It's a racist place.,MMUSED-fallacy/audio_clips/44_2020/1074.wav,0
train,91,"And I beg the American people, any time they think about reforming education to take this piece of society that doesn't have a chance and take these little pieces of clay that can be shaped and molded and give them the same love and nurture and affection and support you give your children and teach them that they're unique and that they're precious and that there's only one person in the world like them and you will see this nation bloom.",MMUSED-fallacy/audio_clips/21_1992/534.wav,0
train,92,"I'm sorry I have to keep saying this, but he lives in an alternative reality.",MMUSED-fallacy/audio_clips/42_2016/318.wav,2
train,93,"But I believe America is the greatest country in human history because we have maintained freedom and increasing prosperity by relentlessly pushing the barriers of knowledge, the barriers of the present, always moving into the future.",MMUSED-fallacy/audio_clips/22_1996/699.wav,0
train,94,"And people around our country, of every race, of every age, of every gender – perfect strangers to each other – marched shoulder to shoulder, arm and arm, fighting for us to finally achieve that ideal of equal justice under law.",MMUSED-fallacy/audio_clips/45_2020/698.wav,0
train,95,"But to try, as occurred in the case that you mentioned - that specific case - to try to tell the parishioners of any church, of any denomination, how they should vote, or for whom they should vote, I think violates the principle of separation of church and state.",MMUSED-fallacy/audio_clips/8_1980/373.wav,5
train,96,"The United States must be a nation strong; the United States must be a nation secure. We must have a society that's just and fair. And we must extend the benefits of our own commitment to peace, to create a peaceful world.",MMUSED-fallacy/audio_clips/9_1980/641.wav|MMUSED-fallacy/audio_clips/9_1980/642.wav|MMUSED-fallacy/audio_clips/9_1980/643.wav,0
train,97,"I had a friend a while ago who works in the government, works at the White House, African-American, stopped, surrounded by police for no other cause that anyone can determine than the color of his skin. That can't be in America anymore.",MMUSED-fallacy/audio_clips/26_2000/658.wav|MMUSED-fallacy/audio_clips/26_2000/659.wav,0
train,98,"I talked to a man just briefly there who asked me one simple question: ""Do I have reason to hope that I can someday take care of my family again? Nothing has been done.""",MMUSED-fallacy/audio_clips/9_1980/210.wav|MMUSED-fallacy/audio_clips/9_1980/211.wav,0
train,99,"And over time, that, I think, is going to be a better recipe for economic growth than the -- the policies of President Bush that John McCain wants to -- wants to follow.",MMUSED-fallacy/audio_clips/33_2008/161.wav,1
train,100,"Second, maybe he's not as charitable as he claims to be. Third, we don't know all of his business dealings, but we have been told through investigative reporting that he owes about $650 million to Wall Street and foreign banks.",MMUSED-fallacy/audio_clips/41_2016/436.wav|MMUSED-fallacy/audio_clips/41_2016/437.wav,2
train,101,I believe in 1960 and sixty-one and two and three we have a rendezvous with destiny.,MMUSED-fallacy/audio_clips/4_1960/485.wav,0
train,102,"Paul Tsongas, a liberal senator from Massachusetts said the dumbest thing I did was to oppose the capital gains cut.",MMUSED-fallacy/audio_clips/13_1988/128.wav,1
train,103,Let me just tell you who the jury is. The people of Texas.,MMUSED-fallacy/audio_clips/27_2000/780.wav|MMUSED-fallacy/audio_clips/27_2000/781.wav,1
train,104,John Kerry and I will always fight for the American people.,MMUSED-fallacy/audio_clips/30_2004/1026.wav,0
train,105,"And if you pass the big drug companies' bill, nothing will happen.",MMUSED-fallacy/audio_clips/28_2000/139.wav,4
train,106,I think this is an extraordinarily important decision we'll make on November 7th.,MMUSED-fallacy/audio_clips/26_2000/37.wav,0
train,107,And we have former members of Congress now residing in federal prison because of the evils of this earmarking and pork-barrel spending.,MMUSED-fallacy/audio_clips/33_2008/138.wav,0
train,108,There's too much bitterness in Washington. There's too much wrangling.,MMUSED-fallacy/audio_clips/28_2000/952.wav|MMUSED-fallacy/audio_clips/28_2000/953.wav,0
train,109,But I'll never fail to protect the United States of America.,MMUSED-fallacy/audio_clips/32_2004/852.wav,0
train,110,The end of the Cold War brings an incredible opportunity for change.,MMUSED-fallacy/audio_clips/21_1992/243.wav,0
train,111,"Joe, you've had 308,000 military people dying because you couldn't provide them proper healthcare in the military.",MMUSED-fallacy/audio_clips/44_2020/114.wav,2
train,112,"See, I think the mission has somewhat become fuzzy.",MMUSED-fallacy/audio_clips/28_2000/501.wav,0
train,113,"I talk to parents. I mean, you've got to care. Everybody cares if people aren't doing well.",MMUSED-fallacy/audio_clips/21_1992/42.wav|MMUSED-fallacy/audio_clips/21_1992/43.wav|MMUSED-fallacy/audio_clips/21_1992/44.wav,0
train,114,Tipper and I have worked on the problem of violence in entertainment aimed at children. She's worked on it longer than I have.,MMUSED-fallacy/audio_clips/27_2000/685.wav|MMUSED-fallacy/audio_clips/27_2000/686.wav,1
train,115,"And when I'm president, we're going to shut that loophole in a nanosecond and we're going to use that money to lower corporate tax rates in America for all corporations, 5 percent.",MMUSED-fallacy/audio_clips/32_2004/243.wav,0
train,116,The lifeblood of our economy is investment.,MMUSED-fallacy/audio_clips/18_1992/205.wav,0
train,117,"You know, nobody likes who shot John, but I think the first negative campaign run in this election was by Governor Clinton, and I'm not going to sit there and be a punching bag; I'm going to stand up and say, hey, listen, here's my side of it.",MMUSED-fallacy/audio_clips/20_1992/176.wav,0
train,118,Admiral Mullen suggests that Senator Obama's plan is dangerous for America.,MMUSED-fallacy/audio_clips/33_2008/494.wav,1
train,119,We turned -- this is the man who masterminded the greatest mass murder and terrorist attack in American history.,MMUSED-fallacy/audio_clips/30_2004/86.wav,0
train,120,"And her life was taken, unjustifiably and tragically and violently.",MMUSED-fallacy/audio_clips/45_2020/696.wav,0
train,121,"So, there can be no concessions under any circumstances, because if we do it's an open invitation to others to do the same.",MMUSED-fallacy/audio_clips/13_1988/727.wav,0
train,122,"With all due respect, I do not believe that Abraham Lincoln would have adopted Bob Dole's position to end all affirmative action.",MMUSED-fallacy/audio_clips/23_1996/131.wav,1
train,123,"I believe the programs that Senator Kennedy advocates will have a tendency to stifle those creative energies, I believe in other words, that his program would lead to the stagnation of the motive power that we need in this country to get progress.",MMUSED-fallacy/audio_clips/1_1960/141.wav,0
train,124,So he has a long record of engaging in racist behavior.,MMUSED-fallacy/audio_clips/41_2016/793.wav,2
train,125,I want us to invest in your future.,MMUSED-fallacy/audio_clips/41_2016/32.wav,0
train,126,"But the most important thing to relieve the pressure on all of the armed forces is frankly to run a foreign policy that recognizes that America is strongest when we are working with real alliances, when we are sharing the burdens of the world by working through our statesmanship at the highest levels and our diplomacy to bring other nations to our side.",MMUSED-fallacy/audio_clips/32_2004/820.wav,0
train,127,That's why we're losing—we're losing—we lose on everything.,MMUSED-fallacy/audio_clips/41_2016/1081.wav,0
train,128,You must always remember that a president can't stop anything unless he has the people behind him.,MMUSED-fallacy/audio_clips/1_1960/391.wav,1
train,129,"Now in the last Congress - the special session of the Congress - there was a bill: one by the President, one by Senator Kennedy and members of his party. Now the bill that the President had submitted would have provided more aid for those areas that really need it - areas like Scranton and Wilkes-Barre and the areas of West Virginia - than the ones that Senator Kennedy was supporting. On the other hand we found that the bill got into the legislative difficulties and consequently no action was taken.",MMUSED-fallacy/audio_clips/2_1960/254.wav|MMUSED-fallacy/audio_clips/2_1960/255.wav|MMUSED-fallacy/audio_clips/2_1960/256.wav,2
train,130,It was killed in the Rules Committee.,MMUSED-fallacy/audio_clips/1_1960/357.wav,0
train,131,"I was hunting in Iowa last year with a sheriff from one of the counties there, and he pointed to a house in back of us, and said, ""See the house over? We just did a drug bust a week earlier, and the guy we arrested had an AK-47 lying on the bed right beside him. """,MMUSED-fallacy/audio_clips/32_2004/882.wav|MMUSED-fallacy/audio_clips/32_2004/883.wav,0
train,132,"I did it as a security measure to be sure, because I would rather see us reduce the consumption of imported oil than have to send American boys to fight in the Persian Gulf.",MMUSED-fallacy/audio_clips/8_1980/107.wav,0
train,133,"That means that we must continue to have a balanced budget here at home in every possible circumstance that we can; because the moment that we have loss of confidence in our own fiscal policies at home, it results in gold flowing out.",MMUSED-fallacy/audio_clips/3_1960/423.wav,0
train,134,Tremendous beyond belief.,MMUSED-fallacy/audio_clips/41_2016/699.wav,0
train,135,"Then when we had the assault weapons ban in the Senate, Senator Dole fought it bitterly and opposed the entire crime bill and almost brought the entire crime bill down because the National Rifle Association didn't want the assault weapons ban, just like they didn't want the Brady Bill.",MMUSED-fallacy/audio_clips/22_1996/413.wav,3
train,136,"And when we compare the economic progress of this country in the Truman Administration with that of the Eisenhower Administration, we find that in every index there has been a tr- great deal more performance and more progress in this Administration than in that one.",MMUSED-fallacy/audio_clips/2_1960/330.wav,3
train,137,"And so I say that we believe that our policies of military strength, of economic strength, of diplomatic firmness first will keep the peace and keep it without surrender.",MMUSED-fallacy/audio_clips/4_1960/74.wav,1
train,138,I cast my lot with the people even when it means that you have to stand up to some powerful interests who are trying to turn the -- the policies and the laws to their advantage.,MMUSED-fallacy/audio_clips/25_2000/771.wav,1
train,139,We're going to have to-the MX. We're going to have to do that. It's Christmas.,MMUSED-fallacy/audio_clips/13_1988/598.wav|MMUSED-fallacy/audio_clips/13_1988/599.wav|MMUSED-fallacy/audio_clips/13_1988/600.wav,0
train,140,I'll take the pledge because I know the American people want to talk about issues and not tabloid journalism.,MMUSED-fallacy/audio_clips/20_1992/256.wav,0
train,141,"But the important thing is, if we suffer defeat in Iraq, which General Petraeus predicts we will, if we adopted Senator Obama's set date for withdrawal, then that will have a calamitous effect in Afghanistan and American national security interests in the region.",MMUSED-fallacy/audio_clips/33_2008/623.wav,0
train,142,Will you remember that Texas? Will you remember that Pennsylvania? Oklahoma?,MMUSED-fallacy/audio_clips/46_2020/1365.wav|MMUSED-fallacy/audio_clips/46_2020/1366.wav|MMUSED-fallacy/audio_clips/46_2020/1367.wav,0
train,143,I think it's the hard-working people of America's money and I want to share some of that money with you so you have more money to build and save and dream for your families.,MMUSED-fallacy/audio_clips/25_2000/76.wav,0
train,144,"But if our government itself is doing business with people who we know are engaged in drug profiteering and drug trafficking, if we don't understand that that sends out a very, very bad message to our young people, it's a little difficult for me to understand just how we can reach out to that youngster that I talked about and to young people like her all over the country, and say to them we want to help you.",MMUSED-fallacy/audio_clips/13_1988/72.wav,0
train,145,"So I think it is a case of pay scale, of recognizing that if we're going to have young men and women responsible for our security, dealing with this sophisticated equipment, then for heaven's sakes, let's go out and have a pay scale that is commensurate with the sacrifice that we're asking of them.",MMUSED-fallacy/audio_clips/8_1980/172.wav,0
train,146,I believe it was a failure of presidential leadership not to reauthorize the assault weapons ban.,MMUSED-fallacy/audio_clips/32_2004/869.wav,0
train,147,"It's with him and with the hateful and divisive campaign that he has run, and the inciting of violence at his rallies, and the very brutal kinds of comments about not just women, but all Americans, all kinds of Americans.",MMUSED-fallacy/audio_clips/42_2016/510.wav,0
train,148,"We have the strongest military, and I'll do whatever is necessary, if I'm president, to make sure that it stays that way.",MMUSED-fallacy/audio_clips/27_2000/49.wav,0
train,149,"Give us a chance. With your help, we'll change this country and we can't wait to get started.",MMUSED-fallacy/audio_clips/18_1992/950.wav|MMUSED-fallacy/audio_clips/18_1992/951.wav,0
train,150,"Stop scaring the seniors, Mr. President. You've already spent $45 million scaring seniors and tearing me apart. I think it's time to have a truce.",MMUSED-fallacy/audio_clips/22_1996/180.wav|MMUSED-fallacy/audio_clips/22_1996/181.wav|MMUSED-fallacy/audio_clips/22_1996/182.wav,2
train,151,The president has never said whether or not he would do that. But we know from the people he's tried to appoint to the court he wants to.,MMUSED-fallacy/audio_clips/32_2004/356.wav|MMUSED-fallacy/audio_clips/32_2004/357.wav,2
train,152,Because she has been a disaster as a senator. A disaster.,MMUSED-fallacy/audio_clips/42_2016/383.wav|MMUSED-fallacy/audio_clips/42_2016/384.wav,0
train,153,The reason they keep trying to attack Halliburton is because they want to obscure their own record.,MMUSED-fallacy/audio_clips/30_2004/459.wav,2
train,154,"In the height of the epidemic, when we were losing a heartbreaking number of 2,500 Americans a day, we surged resources to New Jersey, and New York, and New Orleans and Detroit.",MMUSED-fallacy/audio_clips/45_2020/117.wav,0
train,155,"Almost every step of the way, our troops have been left on these extraordinarily difficult missions.",MMUSED-fallacy/audio_clips/29_2004/327.wav,0
train,156,"The AFL-CIO the other day, behind the blue screen, I don't know who you were talking to, Secretary Clinton, but you were totally out of control.",MMUSED-fallacy/audio_clips/41_2016/1036.wav,2
train,157,Our children will not see the American dream because of this debt that somebody somewhere dropped on us.,MMUSED-fallacy/audio_clips/20_1992/147.wav,4
train,158,And I would just like to say that this debate in a way is a living tribute to Mel Carnahan because he loved the vigorous discussion of ideas in our democracy. He was a fantastic governor of Missouri.,MMUSED-fallacy/audio_clips/28_2000/30.wav|MMUSED-fallacy/audio_clips/28_2000/31.wav,0
train,159,"Now, because the governor has all this money for a tax cut mostly to the wealthy, there is no money left over, so schools get testing and lawsuit reform and not much else.",MMUSED-fallacy/audio_clips/28_2000/339.wav,4
train,160,"I've worked hard in the State of Texas to make sure our institutions reflect the state with good, smart policy.",MMUSED-fallacy/audio_clips/28_2000/778.wav,0
train,161,In so many families women are a significant bread earner or the only bread earner.,MMUSED-fallacy/audio_clips/26_2000/159.wav,0
train,162,"Last point about Senator McCain's plan is that insurers right now, the main restrictions on what they do is primarily state law and, under Senator McCain's plan, those rules would be stripped away and you would start seeing a lot more insurance companies cherry-picking and excluding people from coverage.",MMUSED-fallacy/audio_clips/36_2008/654.wav,1
train,163,"So if the farmers' economy continues to decline as sharply as it has in recent years, then I think you would have a recession in the rest of the country.",MMUSED-fallacy/audio_clips/1_1960/203.wav,4
train,164,"A lot of people in there, deep down in the IRS, they treat me horribly.",MMUSED-fallacy/audio_clips/46_2020/446.wav,0
train,165,"And the budget plan that I've put out, according to the ""Los Angeles Times"" again, the way these things are typically measured as a percentage of the GDP, will bring government spending down to the lowest level in 50 years.",MMUSED-fallacy/audio_clips/27_2000/734.wav,1
train,166,"Well, the president's own CIA director says Saddam is stronger now than he was.",MMUSED-fallacy/audio_clips/22_1996/625.wav,1
train,167,"After all, the Welfare Reform Act, which Al Gore promised to lead the effort on to get people off of welfare to set time limits, to get people to enjoy the dignity of work. That was a bipartisan act that was adopted. The Balanced Budget Act of 1997 which was critical to getting our economy to the point and our government to the point of unprecedented surplus we enjoy today also was bipartisan, and Al Gore was involved.",MMUSED-fallacy/audio_clips/26_2000/602.wav|MMUSED-fallacy/audio_clips/26_2000/603.wav|MMUSED-fallacy/audio_clips/26_2000/605.wav,3
train,168,She doesn't have the look.,MMUSED-fallacy/audio_clips/41_2016/1178.wav,2
train,169,"Now in the case of Mr. Nixon, the reason the - the pardon was given, was that, when I took office this country was in a very, very divided condition.",MMUSED-fallacy/audio_clips/5_1976/142.wav,0
train,170,"You can't do what you're looking to do with $20 trillion in debt. The Obama administration, from the time they've come in, is over 230 years' worth of debt, and he's topped it. He's doubled it in a course of almost eight years, seven-and-a-half years, to be semi- exact. So I will tell you this.",MMUSED-fallacy/audio_clips/41_2016/195.wav|MMUSED-fallacy/audio_clips/41_2016/196.wav|MMUSED-fallacy/audio_clips/41_2016/197.wav|MMUSED-fallacy/audio_clips/41_2016/198.wav,3
train,171,I've heard from so many of you about the difficult choices you face and the stresses that you're under.,MMUSED-fallacy/audio_clips/41_2016/39.wav,0
train,172,"Our people will be glad to furnish the press, if they're interested, in Senator Gore's voting record on the Caribbean Basin Initiative.",MMUSED-fallacy/audio_clips/18_1992/231.wav,1
train,173,"The expectation is we'll have another 200,000 Americans dead by the time, between now and the end of the year.",MMUSED-fallacy/audio_clips/46_2020/50.wav,0
train,174,Because you'd be in jail.,MMUSED-fallacy/audio_clips/42_2016/105.wav,0
train,175,They've cut it off. They've stopped it. They don't enforce these kinds of things.,MMUSED-fallacy/audio_clips/32_2004/730.wav|MMUSED-fallacy/audio_clips/32_2004/731.wav|MMUSED-fallacy/audio_clips/32_2004/732.wav,0
train,176,"And we would target it especially in areas that have been either depressed or which have lost a lot of defense related jobs. There are 200,000 people in California, for example, who have lost their defense related jobs.",MMUSED-fallacy/audio_clips/20_1992/340.wav|MMUSED-fallacy/audio_clips/20_1992/341.wav,0
train,177,They left me a mess.,MMUSED-fallacy/audio_clips/46_2020/654.wav,0
train,178,"The use of diplomacy in this situation has already, well, it goes hour-by-hour and day-by-day now. It's a very tense situation there.",MMUSED-fallacy/audio_clips/27_2000/94.wav|MMUSED-fallacy/audio_clips/27_2000/95.wav,0
train,179,"I believe America's best days are ahead of us because I believe that the future belongs to freedom, not to fear. That's the country that I'm going to fight for.",MMUSED-fallacy/audio_clips/29_2004/1081.wav|MMUSED-fallacy/audio_clips/29_2004/1082.wav,0
train,180,"-- the military portions of our plan, even though he was the chairman of the Joint Chiefs under George Bush, and John White has endorsed the economic aspects of our plan, even though I believe he was the architect of Ross Perot's economic plan.",MMUSED-fallacy/audio_clips/18_1992/341.wav,1
train,181,"I visited some of those kids with no limbs today, because they didn't have the armor on those vehicles. They didn't have the right body armor.",MMUSED-fallacy/audio_clips/31_2004/1173.wav|MMUSED-fallacy/audio_clips/31_2004/1174.wav,0
train,182,And is it a negative attack and a personal attack to point out that Bill Clinton simply has trouble telling the truth?,MMUSED-fallacy/audio_clips/18_1992/906.wav,2
train,183,"I disagree, strongly disagree with that.",MMUSED-fallacy/audio_clips/29_2004/655.wav,0
train,184,"I also have a much better temperament than she has, you know?",MMUSED-fallacy/audio_clips/41_2016/1030.wav,2
train,185,Not because I am preaching to the people of the South because this isn't just a Southern problem; it's a Northern problem and a Western problem; it's a problem for all of us.,MMUSED-fallacy/audio_clips/2_1960/100.wav,0
train,186,They oppose mine because they don't want to get Medicare involved because they're afraid that Medicare will negotiate lower prices for seniors who currently pay the highest prices of all.,MMUSED-fallacy/audio_clips/25_2000/774.wav,2
train,187,"We have been successful in Portugal, where a year ago it looked like there was a very great possibility that the uh - Communists would take over in Portugal. It didn't happen. We have a democracy in Portugal today.",MMUSED-fallacy/audio_clips/6_1976/72.wav|MMUSED-fallacy/audio_clips/6_1976/73.wav|MMUSED-fallacy/audio_clips/6_1976/74.wav,3
train,188,"But the Washington Post ran a long editorial today saying they couldn't believe Mr. Bush was making character an issue and they said he was the greatest quote ""political chameleon"" for changing his positions of all times.",MMUSED-fallacy/audio_clips/20_1992/209.wav,1
train,189,We cannot be strong militarily when we're teeter-tottering on top of a mountain of debt which has been created in the past eight years.,MMUSED-fallacy/audio_clips/13_1988/670.wav,0
train,190,"The American people now are facing, next Tuesday, a lonely decision. Those listening to my voice will have to make a judgment about the future of this country.",MMUSED-fallacy/audio_clips/9_1980/650.wav|MMUSED-fallacy/audio_clips/9_1980/651.wav,1
train,191,"And when you look at your tax policies that are directed primarily at those who are doing well, and you are neglecting people who are really struggling right now, I think that is a continuation of the last eight years, and we can't afford another four.",MMUSED-fallacy/audio_clips/33_2008/194.wav,0
train,192,"The problem, Mr. Bush, is that you've cut back by 90 percent on our commitment to affordable housing for families of low and moderate income. And when you do that, you've have homeless families.",MMUSED-fallacy/audio_clips/13_1988/348.wav|MMUSED-fallacy/audio_clips/13_1988/349.wav,4
train,193,"But I want to warn my fellow citizens: The cost of doing nothing, the cost of saying the current system is OK, far exceeds the costs of trying to make sure we save the system for our children.",MMUSED-fallacy/audio_clips/32_2004/553.wav,0
train,194,The present bureaucratic structure of the - of the Federal Government is a mess.,MMUSED-fallacy/audio_clips/5_1976/117.wav,0
train,195,Why I disagree with the MX is that it's a sitting duck.,MMUSED-fallacy/audio_clips/12_1984/554.wav,0
train,196,"I think the American people know that this is a president who has put the health of America first and the American people, I believe with my heart, can be proud of the sacrifices they have made.",MMUSED-fallacy/audio_clips/45_2020/79.wav,1
train,197,"Now, we also have to recognize that this is a final verdict on eight years of failed economic policies promoted by George Bush, supported by Senator McCain, a theory that basically says that we can shred regulations and consumer protections and give more and more to the most, and somehow prosperity will trickle down. It hasn't worked.",MMUSED-fallacy/audio_clips/33_2008/31.wav|MMUSED-fallacy/audio_clips/33_2008/32.wav,1
train,198,"I talked to an African-American police officer in Springfield, Massachusetts not long ago who raised this question and said that in his opinion one of the biggest solutions is in the training.",MMUSED-fallacy/audio_clips/27_2000/453.wav,1
train,199,It was ignored in that case and it was a very very serious mistake in judgment.,MMUSED-fallacy/audio_clips/13_1988/802.wav,0
train,200,"I used to sign welfare checks for my grandparents. I know all about poverty and all about need and all about taking care of people, and that's been my career in the United States Senate.",MMUSED-fallacy/audio_clips/22_1996/988.wav|MMUSED-fallacy/audio_clips/22_1996/989.wav,0
train,201,"And sadly, she doesn't have that.",MMUSED-fallacy/audio_clips/41_2016/1170.wav,2
train,202,I'm proud of the fact that America is stronger and more prosperous and more secure than we were four years ago.,MMUSED-fallacy/audio_clips/22_1996/1068.wav,0
train,203,"There is a crime bill which would put more police on the street, which was killed for this session by a filibuster in the Senate, mostly be Republican senators, and I think it's a shame it didn't pass, I think it should be made the law -- but it had the Brady bill in it, the waiting period.",MMUSED-fallacy/audio_clips/20_1992/407.wav,0
train,204,You know the Japanese are breathing down our necks on this.,MMUSED-fallacy/audio_clips/27_2000/843.wav,0
train,205,"There wouldn't be time for a President to decide; it would be decided by these remote computers. It might be an oil fire, it might be a jet exhaust, the computer might decide it's a missile -- and off we go.",MMUSED-fallacy/audio_clips/12_1984/508.wav|MMUSED-fallacy/audio_clips/12_1984/509.wav,4
train,206,And Colin Powell so stated.,MMUSED-fallacy/audio_clips/29_2004/869.wav,1
train,207,"And if you enter bilateral talks, they'll be happy to walk away from the table.",MMUSED-fallacy/audio_clips/29_2004/998.wav,4
train,208,"And a recent book that just came out by perhaps the Nation's most respected author in this field, Strobe Talbott, called ""Deadly Gambits,'' concludes that this President has failed to master the essential details needed to command and lead us, both in terms of security and terms of arms control.",MMUSED-fallacy/audio_clips/12_1984/339.wav,1
train,209,I think that Senator Kennedy's policies and recommendations for the handling of the Castro regime are probably the most dangers- dangerously irresponsible recommendations that he's made during the course of this campaign.,MMUSED-fallacy/audio_clips/4_1960/186.wav,0
train,210,He will destroy this country.,MMUSED-fallacy/audio_clips/44_2020/663.wav,0
train,211,"But I do make a pledge that in the next ten days when we're asking the American people to make one of the most important decisions in their lifetime, because I think this election is one of the mast vital in the history of America, that uh - we do together what we can to stimulate voter participation.",MMUSED-fallacy/audio_clips/7_1976/90.wav,0
train,212,Join me in the wrong war at the wrong time at the wrong place.,MMUSED-fallacy/audio_clips/31_2004/201.wav,0
train,213,"Now, as a result of our taking the strong stand that we did, the civil war there was ended; and today, at least in the south of Indochina, the Communists have moved out and we do have a strong, free bastion there.",MMUSED-fallacy/audio_clips/3_1960/197.wav,3
train,214,"But what is absolutely true is that, once we get through this economic crisis and some of the specific proposals to get us out of this slump, that we're not going to be able to go back to our profligate ways.",MMUSED-fallacy/audio_clips/36_2008/179.wav,0
train,215,"We went through this tragic experience leading to World War II. We learned our lesson again in Korea, We must not learn it again.",MMUSED-fallacy/audio_clips/3_1960/136.wav|MMUSED-fallacy/audio_clips/3_1960/137.wav,0
train,216,"I call it trumped-up trickle-down, because that's exactly what it would be.",MMUSED-fallacy/audio_clips/41_2016/95.wav,0
train,217,"And Governor Romney's says he's got a five-point plan? Governor Romney doesn't have a five-point plan. He has a one-point plan. And that plan is to make sure that folks at the top play by a different set of rules. That's been his philosophy in the private sector, that's been his philosophy as governor, that's been his philosophy as a presidential candidate.",MMUSED-fallacy/audio_clips/39_2012/111.wav|MMUSED-fallacy/audio_clips/39_2012/112.wav|MMUSED-fallacy/audio_clips/39_2012/113.wav|MMUSED-fallacy/audio_clips/39_2012/114.wav|MMUSED-fallacy/audio_clips/39_2012/115.wav,1
train,218,John Kennedy proposed cutting capital gains.,MMUSED-fallacy/audio_clips/13_1988/127.wav,1
train,219,"But I will promise you this with all the confidence in my heart and in the world, that I will do my best if I'm elected president, I'll work my heart out to get the big things right for the American people.",MMUSED-fallacy/audio_clips/27_2000/1012.wav,0
train,220,Most people want to see their own doctor. They're going to see their own doctor when Bob Dole is president. We won't threaten anybody.,MMUSED-fallacy/audio_clips/22_1996/579.wav|MMUSED-fallacy/audio_clips/22_1996/580.wav|MMUSED-fallacy/audio_clips/22_1996/581.wav,0
train,221,"And your continuous undermining of confidence in a vaccine is just, it's just unacceptable.",MMUSED-fallacy/audio_clips/45_2020/163.wav,0
train,222,"I do not suggest in any way, nor have I ever, that that indicates that Mr. Nixon has the slightest sympathy, involvement, or in any way imply any inferences in regard to the Ku Klux Klan.",MMUSED-fallacy/audio_clips/3_1960/239.wav,0
train,223,It was once called voodoo economics.,MMUSED-fallacy/audio_clips/10_1984/686.wav,0
train,224,And I think I'm more in touch with the mainstream of America. They raised the same thing with me on the Pledge of Allegiance.,MMUSED-fallacy/audio_clips/13_1988/287.wav|MMUSED-fallacy/audio_clips/13_1988/288.wav,1
train,225,"There are two distinguished authors on arms control in this country -- there are many others, but two that I want to cite tonight. One is Strobe Talbott in his classic book, ""Deadly Gambits.'' The other is John Neuhaus, who's one of the most distinguished arms control specialists in our country. Both said that this administration turned down the ""walk in the woods'' agreement first, and that would have been a perfect agreement from the standpoint of the United States in Europe and our security.",MMUSED-fallacy/audio_clips/12_1984/372.wav|MMUSED-fallacy/audio_clips/12_1984/373.wav|MMUSED-fallacy/audio_clips/12_1984/374.wav|MMUSED-fallacy/audio_clips/12_1984/375.wav,1
train,226,"Groucho Marx said, ""Who do you believe? -- me, or your own eyes? ''",MMUSED-fallacy/audio_clips/12_1984/255.wav|MMUSED-fallacy/audio_clips/12_1984/256.wav,1
train,227,This is going to be a fraud like you've never seen.,MMUSED-fallacy/audio_clips/44_2020/1648.wav,0
train,228,"Now in the special session of Congress and also in the session that preceded it, the Democratic Congress - in which there's a two-to-one Democratic majority - was asked by the President to give us the funds and give us the power to do a job and they did nothing at all, And in the special session in which Senator Kennedy was calling the signals, along with Senator Johnson, they turned it down and he himself voted against giving us the powers despite the fact that the bill had already been considered before, that it already had hearings on, and the Congress already knew what it had before it.",MMUSED-fallacy/audio_clips/2_1960/162.wav,2
train,229,"As the politics change, his positions change.",MMUSED-fallacy/audio_clips/29_2004/527.wav,2
train,230,"She asked me, can you please make sure another mother is not going through what I'm going through.",MMUSED-fallacy/audio_clips/33_2008/606.wav,0
train,231,"It's going to be a big, big opportunity for a lot of people.",MMUSED-fallacy/audio_clips/22_1996/756.wav,0
train,232,This is a horrible thing for our country.,MMUSED-fallacy/audio_clips/44_2020/1700.wav,0
train,233,And now our kids are being killed with ammos right out of that dump.,MMUSED-fallacy/audio_clips/31_2004/302.wav,0
train,234,But the president made a mistake in invading Iraq.,MMUSED-fallacy/audio_clips/29_2004/344.wav,2
train,235,"But if we spend and spend and spend, that is going to wrap up the housing market, and we'll go right back to the days of the misery index and malaise that President Reagan and I have overcome - thank God for the United States on that one.",MMUSED-fallacy/audio_clips/13_1988/406.wav,4
train,236,It's going to blow a hole in the deficit It's going to raise taxes on nine million people and require bigger cuts than the one I vetoed.,MMUSED-fallacy/audio_clips/22_1996/932.wav,4
train,237,"And I'm only here to tell you that I believe with all my heart that our first priority must be world peace, and that use of force is always and only a last resort, when everything else has failed, and then only with regard to our national security.",MMUSED-fallacy/audio_clips/9_1980/30.wav,0
train,238,But I tend to agree with that quite strongly.,MMUSED-fallacy/audio_clips/41_2016/684.wav,2
train,239,"As a matter of fact, based on the announcement this week, there will be at an annual rate of a million, eight hundred and some thousand new houses built, which is a tremendous increase over last year and a substantial increase over the earlier part of this year.",MMUSED-fallacy/audio_clips/7_1976/446.wav,0
train,240,"I'm not prepared at this time to cut off aid to Pakistan. So I'm not prepared to threaten it, as Senator Obama apparently wants to do, as he has said that he would announce military strikes into Pakistan.",MMUSED-fallacy/audio_clips/33_2008/532.wav|MMUSED-fallacy/audio_clips/33_2008/533.wav,1
train,241,"Under this President, we become weaker, sicker, poorer, more divided and more violent.",MMUSED-fallacy/audio_clips/44_2020/1319.wav,0
train,242,"This war is a long, long war, and it requires steadfast determination and it requires a complete understanding that we not only chase down Al Qaida but we disrupt terrorist safe havens as well as people who could provide the terrorists with support.",MMUSED-fallacy/audio_clips/31_2004/472.wav,0
train,243,"Are we going to step up to the plate as a nation the way we did after World War II, the way that generation of heroes said okay, the United States is going to be the leader. And the world benefitted tremendously from the courage that they showed in those post-war years.",MMUSED-fallacy/audio_clips/27_2000/397.wav|MMUSED-fallacy/audio_clips/27_2000/398.wav,0
train,244,They even have a statement that we have to give 10% to the big man.,MMUSED-fallacy/audio_clips/46_2020/433.wav,2
train,245,"Excuse me, he left me a mess, Kristen.",MMUSED-fallacy/audio_clips/46_2020/653.wav,0
train,246,That's totally absurd.,MMUSED-fallacy/audio_clips/29_2004/386.wav,0
train,247,"I just think, Jim, that this is an absolutely unique period in world history. The worldâ€™s coming together, as I said, they're looking to us.",MMUSED-fallacy/audio_clips/27_2000/394.wav|MMUSED-fallacy/audio_clips/27_2000/395.wav,0
train,248,"Well, I hope all of those Americans out there who are watching us, listening to us and trying to make up their mind about which one of us ought to be president of the United States listen to the Vice President very carefully.",MMUSED-fallacy/audio_clips/13_1988/161.wav,1
train,249,The American people have a right to have a say in who the Supreme Court nominee is and that say occurs when they vote for United States Senators and when they vote for the President of United States.,MMUSED-fallacy/audio_clips/44_2020/54.wav,0
train,250,"When a person is on a watch list or a no-fly list, and I have the endorsement of the NRA, which I'm very proud of.",MMUSED-fallacy/audio_clips/41_2016/680.wav,1
train,251,I'd love to put myself in the basement or in a beautiful room in the White House and go away for a year and a half until it disappears.,MMUSED-fallacy/audio_clips/46_2020/124.wav,0
train,252,"Is, as Mr. Nixon says, our prestige at an all-time high, as he said a week ago, and that of the Communists at an all-time low? I don't believe it is. I don't believe that our relative strength is increasing.",MMUSED-fallacy/audio_clips/4_1960/91.wav|MMUSED-fallacy/audio_clips/4_1960/92.wav|MMUSED-fallacy/audio_clips/4_1960/93.wav,1
train,253,That's just totally ridiculous.,MMUSED-fallacy/audio_clips/18_1992/263.wav,0
train,254,"Hillary Clinton, in terms of having people come into our country, we have many criminal illegal aliens.",MMUSED-fallacy/audio_clips/42_2016/279.wav,2
train,255,"Instead of squabbling and finger pointing, he gets immediate help.",MMUSED-fallacy/audio_clips/25_2000/171.wav,0
train,256,"If somebody came to you, Governor, with a plan that said, here, I want to spend $7 or $8 trillion, and then we're going to pay for it, but we can't tell you until maybe after the election how we're going to do it, you wouldn't take such a sketchy deal and neither should you, the American people, because the math doesn't add up.",MMUSED-fallacy/audio_clips/39_2012/413.wav,0
train,257,And it's a tremendously successful club.,MMUSED-fallacy/audio_clips/41_2016/821.wav,0
train,258,"In fact, I used to go home, my mother would tell me, Bob, all I've got is my Social Security and my Medicare, don't cut it. I wouldn't violate anything my mother said. In fact, we had a conversation about our mothers one day, a very poignant conversation in the White House. I'm concerned about healthcare.",MMUSED-fallacy/audio_clips/22_1996/171.wav|MMUSED-fallacy/audio_clips/22_1996/172.wav|MMUSED-fallacy/audio_clips/22_1996/173.wav|MMUSED-fallacy/audio_clips/22_1996/174.wav,1
train,259,"And secondly, to think that another round of resolutions would have caused Saddam Hussein to disarm, disclose, is ludicrous, in my judgment.",MMUSED-fallacy/audio_clips/29_2004/724.wav,0
train,260,"Well, Mr. Greenberg, I simply cannot allow to go unpassed the statements that have just been made by Mr. Reagan, who once again, has demonstrated, I think, a total misunderstanding of the energy crisis that confronts, not only this country, but the world, when he suggests that we have 27 years' supply of natural gas, 47 years' supply of oil, and all the rest, and that we really.",MMUSED-fallacy/audio_clips/8_1980/103.wav,0
train,261,"I've had more people talk to me about their health care problems I guess than anything else, all across America -- you know, people who've lost their jobs, lost their businesses, had to give up their jobs because of sick children.",MMUSED-fallacy/audio_clips/20_1992/508.wav,0
train,262,"In the last several years, the so-called Freedom To Farm Law has, in my view, been mostly a failure.",MMUSED-fallacy/audio_clips/28_2000/580.wav,0
train,263,"I think that this is a kind of a hypocritical policy when, at the same time, we're maintaining a detente with the one nation in the world where there are no human rights at all - the Soviet Union.",MMUSED-fallacy/audio_clips/9_1980/329.wav,0
train,264,"We're America, and we believe in our future and we know we have the ability to shape our future.",MMUSED-fallacy/audio_clips/28_2000/723.wav,0
train,265,"As a matter of fact, one of the secretaries of HEW under Mr. Carter testified that he thought there was $7 billion worth of fraud and waste in welfare and in the medical programs associated with it. Office estimate that there is probably tens of billions of dollars that is lost in fraud alone, and they have added that waste adds even more to that.",MMUSED-fallacy/audio_clips/9_1980/170.wav|MMUSED-fallacy/audio_clips/9_1980/172.wav,1
train,266,"I remember getting my future back from doctors and nurses and a doctor in Chicago named Dr. Kalikian . And ever since that time, I've tried to give something back to my country, to the people who are watching us tonight.",MMUSED-fallacy/audio_clips/22_1996/48.wav|MMUSED-fallacy/audio_clips/22_1996/49.wav,0
train,267,"I have no quarrel whatsoever with the things that have been done, because I believe it is high time that the civilized countries of the world made it plain that there is no room worldwide for terrorism; there will be no negotiation with terrorists of any kind.",MMUSED-fallacy/audio_clips/9_1980/342.wav,0
train,268,"Then he goes on to say that he's going to change the interest-rate situation and we're going to get some more money that way. Well, what he is saying there in effect, we're going to have inflation. We're going to go right back to what we had under Mr. Truman when he had political control of the Federal Reserve Board.",MMUSED-fallacy/audio_clips/3_1960/331.wav|MMUSED-fallacy/audio_clips/3_1960/332.wav|MMUSED-fallacy/audio_clips/3_1960/333.wav,4
train,269,"This is a heartless kind of approach to the working families of our country, which is typical of many Republican leaders of the past, but, I think, has been accentuated under Governor Reagan.",MMUSED-fallacy/audio_clips/9_1980/181.wav,0
train,270,"In Lebanon, this President exercised American power, all right, but the management of it was such that our marines were killed, we had to leave in humiliation, the Soviet Union became stronger, terrorists became emboldened. And it was because they did not think through how power should be exercised, did not have the American public with them on a plan that worked, that we ended up the way we did.",MMUSED-fallacy/audio_clips/12_1984/201.wav|MMUSED-fallacy/audio_clips/12_1984/202.wav,3
train,271,"Who's going to tell her, she can't go back to community college?",MMUSED-fallacy/audio_clips/46_2020/583.wav,0
train,272,"Because of the president's decision today, law enforcement officers will walk into a place that will be more dangerous.",MMUSED-fallacy/audio_clips/32_2004/884.wav,3
train,273,"But to somehow say that group of young women who said ""Military wives for McCain"" are somehow saying anything derogatory about you, but anything -- and those veterans that wear those hats that say ""World War II, Vietnam, Korea, Iraq,"" I'm not going to stand for people saying that the people that come to my rallies are anything but the most dedicated, patriotic men and women that are in this nation and they're great citizens.",MMUSED-fallacy/audio_clips/36_2008/374.wav,0
train,274,It broke my heart to go to the flood scene in Del Rio where a fellow and his family got completely uprooted.,MMUSED-fallacy/audio_clips/25_2000/787.wav,0
train,275,"And so I am not going to furlough men like Willie Horton, and I would meet with their, the victims of his last escapade, the rape and the brutalization of the family down there in Maryland.",MMUSED-fallacy/audio_clips/13_1988/434.wav,0
train,276,Keep America at work.,MMUSED-fallacy/audio_clips/13_1988/911.wav,5
train,277,I don't think it's possible for Mr. Nixon to state the record in distortion of the facts with more precision than he just did.,MMUSED-fallacy/audio_clips/3_1960/146.wav,0
train,278,One out of almost two children in Cleveland are now living in poverty.,MMUSED-fallacy/audio_clips/30_2004/535.wav,0
train,279,I sold — while he was selling pillows and sheets — I sold tank busters to Ukraine.,MMUSED-fallacy/audio_clips/46_2020/376.wav,2
train,280,"Our military is the strongest military in the world. It is the strongest, best prepared, best equipped it has ever been.",MMUSED-fallacy/audio_clips/22_1996/505.wav|MMUSED-fallacy/audio_clips/22_1996/506.wav,0
train,281,"In mine, I happen to believe in the people and believe that the people are supposed to be dominant in our society -- that they, not government, are to have control of their own affairs to the greatest extent possible, with an orderly society.",MMUSED-fallacy/audio_clips/10_1984/146.wav,1
train,282,"I don't think there are any villains, but, boy, is the system rotten.",MMUSED-fallacy/audio_clips/20_1992/503.wav,0
train,283,And when we're weak at home - weaker than all our allies - that weakness weakens the whole free world.,MMUSED-fallacy/audio_clips/6_1976/308.wav,4
train,284,Think about it: They're going from tyranny to elections.,MMUSED-fallacy/audio_clips/31_2004/189.wav,0
train,285,"I believe America's best days are ahead of us. I'm an optimist, but we have to make the right choices, to be fiscally responsible and to create the new jobs of the future.",MMUSED-fallacy/audio_clips/31_2004/1222.wav|MMUSED-fallacy/audio_clips/31_2004/1223.wav,0
train,286,"Tonight in the audience there's one elected state senator who is a Democrat, a former state-wide officer who is a Democrat, a lot of Democrats who are here in the debate to -- because they want to show their support that shows I know how to lead.",MMUSED-fallacy/audio_clips/25_2000/527.wav,1
train,287,Because has won the support of a great many people all over the state and I think it's a model for what I hope we can do across the country.,MMUSED-fallacy/audio_clips/13_1988/210.wav,1
train,288,"You, the American people. It's about you. That's what we're talking about here.",MMUSED-fallacy/audio_clips/44_2020/938.wav|MMUSED-fallacy/audio_clips/44_2020/939.wav|MMUSED-fallacy/audio_clips/44_2020/940.wav,0
train,289,Under the present administration - Nixon's and Ford's - we've had three times the inflation rate that we experienced under President Johnson and President Kennedy. The economic growth is less than half today what it was at the beginning of this year.,MMUSED-fallacy/audio_clips/7_1976/483.wav|MMUSED-fallacy/audio_clips/7_1976/484.wav,3
train,290,"And as a result, the families of some of our young servicemen are on food stamps today.",MMUSED-fallacy/audio_clips/8_1980/151.wav,0
train,291,"But, let's start with Somalia, where they dragged Americans through the streets, and where 18 Americans were killed one day, because they didn't have, they were pinned down for eight hours, the rangers.",MMUSED-fallacy/audio_clips/22_1996/455.wav,3
train,292,But don't just sit here slow dancing for 4 years doing nothing.,MMUSED-fallacy/audio_clips/20_1992/453.wav,0
train,293,I know what a hate crime statute pending at the national level is all about in the aftermath of James Byrd's death.,MMUSED-fallacy/audio_clips/28_2000/807.wav,0
train,294,We have dramatically increased control and enforcement at the border.,MMUSED-fallacy/audio_clips/22_1996/338.wav,0
train,295,"That's why I've been arguing that, in fact, we should not send anyone to jail for a pure drug offense.",MMUSED-fallacy/audio_clips/46_2020/1163.wav,0
train,296,"Again, I can't tell you how big a mistake I think that is, to have bilateral talks with North Korea.",MMUSED-fallacy/audio_clips/29_2004/992.wav,0
train,297,"This vice president has been an advocate for over a decade for lifting sanctions against Iran, the largest state sponsor of terrorism on the planet.",MMUSED-fallacy/audio_clips/30_2004/172.wav,0
train,298,"I ran because of Barack Obama, because you did a poor job.",MMUSED-fallacy/audio_clips/46_2020/1078.wav,2
train,299,They're fighting us because they're fighting freedom.,MMUSED-fallacy/audio_clips/29_2004/667.wav,3
train,300,"But I pledge this to you, America: I will do it in the way that Franklin Roosevelt and Ronald Reagan and John Kennedy and others did, where we build the strongest alliances, where the world joins together, where we have the best intelligence and where we are able, ultimately, to be more safe and secure.",MMUSED-fallacy/audio_clips/32_2004/47.wav,1
train,301,"The biggest problem I have with the stupidity of our foreign policy, we have Mosul.",MMUSED-fallacy/audio_clips/42_2016/424.wav,0
train,302,"Well, Mr. Kraft, uh - I violently disagree with your assessment.",MMUSED-fallacy/audio_clips/7_1976/436.wav,0
train,303,They used to fish in troubled waters whenever they had the opportunity in the Middle East.,MMUSED-fallacy/audio_clips/26_2000/372.wav,0
train,304,This is ridiculous and it ought to be changed.,MMUSED-fallacy/audio_clips/6_1976/243.wav,0
train,305,This man has been disparaging my plan with all this Washington fuzzy math.,MMUSED-fallacy/audio_clips/25_2000/625.wav,0
train,306,"My point is this: that once you do this - follow this course of action - of indicating that you are not going to defend a particular area, the inevitable result is that it encourages a man who is determined to conquer the world to press you to the point of no return.",MMUSED-fallacy/audio_clips/3_1960/134.wav,4
train,307,"You know, if you look at what's happened over the last four years, we have gone from a $5 trillion projected surplus when George Bush took office to a $3 trillion projected deficit.",MMUSED-fallacy/audio_clips/30_2004/574.wav,3
train,308,"John Edwards, two and a half years ago, six months after we went into Afghanistan announced that it was chaotic, the situation was deteriorating, the warlords were about to take over.",MMUSED-fallacy/audio_clips/30_2004/121.wav,0
train,309,We have achieved extraordinary prosperity.,MMUSED-fallacy/audio_clips/25_2000/25.wav,0
train,310,"I know it's tough and honest people can disagree. But when a narcotics wrapped up guy goes in and murders a police officer, I think they ought to pay with their life. And I do believe it would be inhibiting.",MMUSED-fallacy/audio_clips/13_1988/431.wav|MMUSED-fallacy/audio_clips/13_1988/432.wav|MMUSED-fallacy/audio_clips/13_1988/433.wav,0
train,311,"[laughter]And clearly, as Donald just admitted, he knew he was going to stand on this debate stage, and Lester Holt was going to be asking us questions, so he tried to put the whole racist birther lie to bed.",MMUSED-fallacy/audio_clips/41_2016/787.wav,2
train,312,"They know that these toxic waste dumps should have been cleaned up a long time ago, and they know that people's lives and health are being risked, because we've had an administration that has been totally insensitive to the law and the demand for the protection of the environment.",MMUSED-fallacy/audio_clips/10_1984/297.wav,0
train,313,"He said he thought Saddam Hussein was a grave threat, and now he said it was a mistake to remove Saddam Hussein from power.",MMUSED-fallacy/audio_clips/31_2004/68.wav,0
train,314,"You're putting a lot of business people out of business. I said that one day and Pat Moynihan, a Democrat, say, no, he said, in the history of the world. So I modified it, the largest tax increase in the history of the world.",MMUSED-fallacy/audio_clips/22_1996/257.wav|MMUSED-fallacy/audio_clips/22_1996/259.wav|MMUSED-fallacy/audio_clips/22_1996/260.wav,1
train,315,"If you have a pre-existing condition, heart disease, diabetes, breast cancer, they're coming for you.",MMUSED-fallacy/audio_clips/45_2020/317.wav,0
train,316,"I'm against quotas. This is, with all due respect, Governor, that's a red herring.",MMUSED-fallacy/audio_clips/28_2000/816.wav|MMUSED-fallacy/audio_clips/28_2000/817.wav,2
train,317,We can't tolerate it anymore.,MMUSED-fallacy/audio_clips/26_2000/646.wav,0
train,318,"If I become president, I'll get America working again.",MMUSED-fallacy/audio_clips/39_2012/1169.wav,5
train,319,"Nobody's been luckier than I've been, all the way across the spectrum, and the greatest riches of all are my wife and children.",MMUSED-fallacy/audio_clips/21_1992/14.wav,0
train,320,This is where the economy is in America right now and it is because of the catastrophe and the failure of leadership of this administration.,MMUSED-fallacy/audio_clips/45_2020/417.wav,0
train,321,I don't favor abortion. I don't think it's a good thing. I don't think most people do.,MMUSED-fallacy/audio_clips/13_1988/420.wav|MMUSED-fallacy/audio_clips/13_1988/421.wav|MMUSED-fallacy/audio_clips/13_1988/422.wav,1
train,322,"We've got an extraordinarily high unemployment rate among downtown urban ghetto areas, uh - particularly among the very poor and particularly among minority groups, sometimes 50 or 60 percent.",MMUSED-fallacy/audio_clips/7_1976/274.wav,0
train,323,"And America, you deserve better.",MMUSED-fallacy/audio_clips/45_2020/747.wav,0
train,324,"I'm proud that important military figures who are supporting me in this race: former Chairman of the Joint Chiefs of Staff John Shalikashvili; just yesterday, General Eisenhower's son, General John Eisenhower, endorsed me; General Admiral William Crown; General Tony McBeak, who ran the Air Force war so effectively for his father -- all believe I would make a stronger commander in chief.",MMUSED-fallacy/audio_clips/29_2004/97.wav,1
train,325,"This is not just a women's issue, this is a family issue, this is a middle-class issue, and that's why we've got to fight for it.",MMUSED-fallacy/audio_clips/39_2012/463.wav,0
train,326,"I think it -- that we have a safer nation, but we are a long way from safe.",MMUSED-fallacy/audio_clips/33_2008/865.wav,0
train,327,I personally think one of the reasons that we don't have as many suicide attacks today in Israel as we've had in the past is because Saddam is no longer in business.,MMUSED-fallacy/audio_clips/30_2004/469.wav,3
train,328,"Now, that's a certain passion that in my view it's misguided passion.",MMUSED-fallacy/audio_clips/13_1988/253.wav,0
train,329,He was – he called Mexicans rapists and criminals.,MMUSED-fallacy/audio_clips/45_2020/742.wav,2
train,330,"And I'm very proud of it. In addition, I was just endorsed by ICE.",MMUSED-fallacy/audio_clips/41_2016/857.wav|MMUSED-fallacy/audio_clips/41_2016/858.wav,1
train,331,"And now they have the oil all over the place, including the oil—a lot of the oil in Libya, which was another one of her disasters.",MMUSED-fallacy/audio_clips/41_2016/921.wav,0
train,332,That is absolutely outrageous.,MMUSED-fallacy/audio_clips/18_1992/258.wav,0
train,333,"In fact, it's starting to fall apart not because of lawsuits -- though they are a problem, and John Edwards and I are committed to fixing them -- but because of the larger issue that we don't cover Americans.",MMUSED-fallacy/audio_clips/32_2004/112.wav,3
train,334,"We've seen, in this world, a development of a tremendous threat to us.",MMUSED-fallacy/audio_clips/6_1976/376.wav,0
train,335,I have believed that in the appointment of judges that all that was specified in the party platform was that they respect the sanctity of human life.,MMUSED-fallacy/audio_clips/10_1984/383.wav,5
train,336,They should have been doing this for years.,MMUSED-fallacy/audio_clips/41_2016/138.wav,2
train,337,I've had a strong record of working with Democrats and Republicans in Texas to make sure no child is left behind.,MMUSED-fallacy/audio_clips/25_2000/1058.wav,5
train,338,"She gets a small pension, but in order to pay for her prescription drug benefits, she has to go out seven days a week several hours a day picking up cans.",MMUSED-fallacy/audio_clips/25_2000/1084.wav,0
train,339,And my whole concept was to make America great again.,MMUSED-fallacy/audio_clips/42_2016/22.wav,5
train,340,"Everybody -- every economist, every businessman -- believes that. Every chairman of the Finance and Ways and Means Committee, Republican leaders in the Senate and the House are telling you that. That deficit is ruining the long-term hopes for this economy.",MMUSED-fallacy/audio_clips/10_1984/656.wav|MMUSED-fallacy/audio_clips/10_1984/658.wav|MMUSED-fallacy/audio_clips/10_1984/659.wav,1
train,341,"That was in large part because of tax policies that slashed taxes on the wealthy, failed to invest in the middle class, took their eyes off of Wall Street, and created a perfect storm. In fact, Donald was one of the people who rooted for the housing crisis.",MMUSED-fallacy/audio_clips/41_2016/158.wav|MMUSED-fallacy/audio_clips/41_2016/159.wav,2
train,342,It's a brutal practice.,MMUSED-fallacy/audio_clips/31_2004/1097.wav,0
train,343,"But you look at the Middle East, you started the Iran deal, that's another beauty where you have a country that was ready to fall, I mean, they were doing so badly.",MMUSED-fallacy/audio_clips/41_2016/955.wav,0
train,344,Bad things.,MMUSED-fallacy/audio_clips/44_2020/1753.wav,0
train,345,This is the history of dealing with dictators.,MMUSED-fallacy/audio_clips/3_1960/55.wav,0
train,346,"And that's hopeful, and that's positive.",MMUSED-fallacy/audio_clips/32_2004/936.wav,0
train,347,In my opinion this is the same kind of woolly thinking that led to disaster for America in Korea.,MMUSED-fallacy/audio_clips/2_1960/481.wav,0
train,348,"When you have your staff taking the Fifth Amendment, taking the Fifth so they're not prosecuted, when you have the man that set up the illegal server taking the Fifth, I think it's disgraceful.",MMUSED-fallacy/audio_clips/41_2016/465.wav,0
train,349,"And we have to tackle the plague of gun violence, which is a big contributor to a lot of the problems that we're seeing today.",MMUSED-fallacy/audio_clips/41_2016/572.wav,0
train,350,"You know, in the last, or two decades ago, it was routine for leaders of foreign countries to come over here and say you guys have got to do something about these horrendous deficits because it's causing tremendous problems for the rest of the world, and we were lectured to all the time.",MMUSED-fallacy/audio_clips/27_2000/71.wav,0
train,351,It means you have a fraudulent election.,MMUSED-fallacy/audio_clips/44_2020/1761.wav,0
train,352,Partly because he didn't point the finger of blame looking for scapegoats he was quick to share the credit.,MMUSED-fallacy/audio_clips/26_2000/578.wav,0
train,353,"I regret to say that the president who called himself a uniter, not a divider, is now presiding over the most divided America in the recent memory of our country.",MMUSED-fallacy/audio_clips/32_2004/997.wav,0
train,354,"But if you have a situation like that right in our backyard with chaos about to break out and flotillas forming to come across the water, and all kinds of violence there, right in one of our neighboring countries there, then I think that we did the right thing there.",MMUSED-fallacy/audio_clips/27_2000/356.wav,0
train,355,He wouldn't know a suburb unless you took a wrong turn.,MMUSED-fallacy/audio_clips/44_2020/1139.wav,2
train,356,"Well, it is a terribly painful situation for Americans.",MMUSED-fallacy/audio_clips/36_2008/601.wav,0
train,357,"But look, the vast majority of police officers are good, decent, honorable men and women.",MMUSED-fallacy/audio_clips/44_2020/1036.wav,0
train,358,He's the one you will see on the evening news beheading hostages.,MMUSED-fallacy/audio_clips/30_2004/378.wav,0
train,359,"Governor Reagan's proposal, the Reagan-Kemp-Roth proposal, is one of the most highly inflationary ideas that ever has been presented to the American public.",MMUSED-fallacy/audio_clips/9_1980/177.wav,0
train,360,"You know, I think about Missy Johnson. She and her son Bryan, they came to see me. You know, it's hard work to try to love her as best as I can, knowing full well that the decision I made caused her loved one to be in harm's way. I told her after we prayed and teared up and laughed some that I thought her husband's sacrifice was noble and worthy.",MMUSED-fallacy/audio_clips/29_2004/553.wav|MMUSED-fallacy/audio_clips/29_2004/555.wav|MMUSED-fallacy/audio_clips/29_2004/558.wav|MMUSED-fallacy/audio_clips/29_2004/559.wav,0
train,361,"I think Aleppo is a disaster, humanitarian-wise.",MMUSED-fallacy/audio_clips/42_2016/417.wav,0
train,362,"I believe that if we are inspired, if we can achieve a degree of unity, if we can set our goals high enough and work toward recognized goals with industry and labor and agriculture along with government at all levels, then we can achieve great things.",MMUSED-fallacy/audio_clips/7_1976/617.wav,0
train,363,"And it was an outdoor event, which all of our scientists regularly and routinely advise, the difference here is President Trump and I trust the American people to make choices in the best interest of their health.",MMUSED-fallacy/audio_clips/45_2020/124.wav,0
train,364,"We've lost in our foreign policy, the character of the American people.",MMUSED-fallacy/audio_clips/6_1976/26.wav,0
train,365,"I think the American people want it now. Every place I go I talk about it, and I think they want it done.",MMUSED-fallacy/audio_clips/20_1992/473.wav|MMUSED-fallacy/audio_clips/20_1992/474.wav,1
train,366,"I don't know, he's obviously made a lot of money, someplace, but he has this thing about living in a basement.",MMUSED-fallacy/audio_clips/46_2020/121.wav,2
train,367,"We set aside a part of Wyoming, nearly a million acres of wilderness that ought to be separate and not be developed.",MMUSED-fallacy/audio_clips/26_2000/476.wav,0
train,368,But people know where I stand.,MMUSED-fallacy/audio_clips/29_2004/64.wav,1
train,369,"I said, and the Joint Chiefs of Staff agreed with me, that it was time for us to turn our research ability to seeing if we could not find this kind of defensive weapon. And suddenly somebody says, ""Oh, it's got to be up there, and it's Star Wars,'' and so forth.",MMUSED-fallacy/audio_clips/12_1984/529.wav|MMUSED-fallacy/audio_clips/12_1984/530.wav,1
train,370,But the big argument I have with the governor on this is this taking different positions on different issues -- trying to be one thing to one person here that's opposing the NAFTA agreement and then for it -- what we call waffling. And I do think that you can't turn the White House into the Waffle House.,MMUSED-fallacy/audio_clips/20_1992/193.wav|MMUSED-fallacy/audio_clips/20_1992/194.wav,0
train,371,So you really owe him an apology.,MMUSED-fallacy/audio_clips/42_2016/96.wav,2
train,372,"Now in determining how we deal with this issue, we must find the answer to a very important but simple question: who threatens the peace? Who threatens freedom in the world?",MMUSED-fallacy/audio_clips/4_1960/22.wav|MMUSED-fallacy/audio_clips/4_1960/23.wav,0
train,373,"It's about your family, the American people.",MMUSED-fallacy/audio_clips/44_2020/934.wav,0
train,374,And I don't believe she does have the stamina.,MMUSED-fallacy/audio_clips/41_2016/1181.wav,2
train,375,"The minute we have bilateral talks, the six-party talks will unwind.",MMUSED-fallacy/audio_clips/29_2004/825.wav,4
train,376,"You mean you have to know Joe's story to know that Joe has known pain, he has known suffering, and he has known love.",MMUSED-fallacy/audio_clips/45_2020/862.wav,0
train,377,I think what is misleading is to say you can lead and succeed in Iraq if you keep changing your positions on this war.,MMUSED-fallacy/audio_clips/29_2004/525.wav,2
train,378,And it's now the smallest number that we have had since the -- the smallest in size since John Kennedy's administration.,MMUSED-fallacy/audio_clips/28_2000/565.wav,1
train,379,You don't have it in your blood.,MMUSED-fallacy/audio_clips/44_2020/419.wav,2
train,380,I think it was one of the things that Mr. Bush said about Mr. Reagan back in 1980.,MMUSED-fallacy/audio_clips/13_1988/544.wav,1
train,381,"I'm here standing facing you, old buddy.",MMUSED-fallacy/audio_clips/44_2020/219.wav,2
train,382,"The American people see this debt, and they know it's got to come down.",MMUSED-fallacy/audio_clips/10_1984/292.wav,1
train,383,"My friend, Phyllis Hunter, is here. She had one of the greatest lines of all lines. She said, reading is the new civil right. She's right.",MMUSED-fallacy/audio_clips/27_2000/488.wav|MMUSED-fallacy/audio_clips/27_2000/489.wav|MMUSED-fallacy/audio_clips/27_2000/490.wav|MMUSED-fallacy/audio_clips/27_2000/491.wav,1
train,384,"Americans are hurting right now, and they're angry. They're hurting, and they're angry.",MMUSED-fallacy/audio_clips/36_2008/44.wav|MMUSED-fallacy/audio_clips/36_2008/45.wav,0
train,385,"But because the leadership of this government did not pursue wise policies, we have been humiliated, and our opponents are stronger.",MMUSED-fallacy/audio_clips/12_1984/32.wav,3
train,386,"They are historic, they are strong, and they are enduring.",MMUSED-fallacy/audio_clips/27_2000/102.wav,0
train,387,"Mr. Perot wants to do the same thing. I agree with him. I mean, we agree with that.",MMUSED-fallacy/audio_clips/20_1992/335.wav|MMUSED-fallacy/audio_clips/20_1992/336.wav|MMUSED-fallacy/audio_clips/20_1992/337.wav,1
train,388,"The United States Senate will take up a continuing resolution tomorrow or the next day, sometime next week, with 2,000 -- 2,000 -- look at them, my friends. Look at them. You'll be appalled.",MMUSED-fallacy/audio_clips/33_2008/206.wav|MMUSED-fallacy/audio_clips/33_2008/207.wav|MMUSED-fallacy/audio_clips/33_2008/208.wav,0
train,389,"But I can't take what is an article of faith for me and legislate it for someone who doesn't share that article of faith, whether they be agnostic, atheist, Jew, Protestant, whatever. I can't do that.",MMUSED-fallacy/audio_clips/31_2004/1077.wav|MMUSED-fallacy/audio_clips/31_2004/1078.wav,0
train,390,"I I think that, technically, I know this is a difficult and an emotional problem, and many people sincerely feel on both sides of this, but I do believe that maybe we could find the answer through medical evidence, if we would determine once and for all, is an unborn child a human being?",MMUSED-fallacy/audio_clips/8_1980/395.wav,0
train,391,And I think that's shocking; it's shameful.,MMUSED-fallacy/audio_clips/8_1980/152.wav,0
train,392,"But in order to stop this arms madness, we've got to push ahead with tough negotiations that are verifiable so that we know the Soviets are agreeing and living up to their agreement.",MMUSED-fallacy/audio_clips/12_1984/583.wav,0
train,393,Have you ever seen America more divided? Have you ever seen Washington more divided? The reality is it is not an accident.,MMUSED-fallacy/audio_clips/30_2004/993.wav|MMUSED-fallacy/audio_clips/30_2004/994.wav|MMUSED-fallacy/audio_clips/30_2004/995.wav,3
train,394,"We ought to be very proud in our country, as most Americans are, that we've made tremendous progress, but we ought to recognize that we have more work to do.",MMUSED-fallacy/audio_clips/23_1996/112.wav,0
train,395,And I think that's the only way that the United States is going to maintain its freedom.,MMUSED-fallacy/audio_clips/1_1960/53.wav,0
train,396,I would propose to save the taxpayers of this country from that kind of costly boondoggle.,MMUSED-fallacy/audio_clips/8_1980/193.wav,0
train,397,You graduated either the lowest or almost the lowest in your class.,MMUSED-fallacy/audio_clips/44_2020/511.wav,2
train,398,"But you folks at home, you folks living in Scranton and Claymont and all the small towns and working class towns in America, how well are you doing?",MMUSED-fallacy/audio_clips/44_2020/691.wav,1
train,399,"In a place like Chicago, where thousands of people have been killed, thousands over the last number of years, in fact, almost 4,000 have been killed since Barack Obama became president, over—almost 4,000 people in Chicago have been killed.",MMUSED-fallacy/audio_clips/41_2016/590.wav,3
train,400,"But first of all, this is a nation of immigrants. We welcome people coming to this country as immigrants.",MMUSED-fallacy/audio_clips/39_2012/713.wav|MMUSED-fallacy/audio_clips/39_2012/714.wav,0
train,401,I know what it means to be poor.,MMUSED-fallacy/audio_clips/1_1960/144.wav,0
train,402,"Uhh - I believe also that uh - there is some merit to a - an amendment that uh - uh - Senator Everett Dirksen uh - proposed very frequently, an amendment that would uh - change the court decision as far as voluntary prayer in public schools.",MMUSED-fallacy/audio_clips/7_1976/347.wav,1
train,403,This is the greatest democracy in the world.,MMUSED-fallacy/audio_clips/23_1996/19.wav,0
train,404,We've got an aggressive brown field program to refurbish inner-city sore spots to useful pieces of property.,MMUSED-fallacy/audio_clips/31_2004/810.wav,0
train,405,But there were a lot of families who didn't have that good fortune and whose sons or daughters or husbands didn't survive.,MMUSED-fallacy/audio_clips/39_2012/949.wav,0
train,406,Everybody knows he's a liar.,MMUSED-fallacy/audio_clips/44_2020/231.wav,2
train,407,"I've met people who struggled with this for years, people who were in a marriage because they were living a sort of convention, and they struggled with it.",MMUSED-fallacy/audio_clips/32_2004/330.wav,0
train,408,"Secondly, I didn't say we had the worst slums in the world.",MMUSED-fallacy/audio_clips/4_1960/282.wav,0
train,409,Some of the states that have the toughest anti-gun laws have the highest levels of crime.,MMUSED-fallacy/audio_clips/20_1992/423.wav,3
train,410,"And because we're going to move in sixty-one and two, partly because we have not maintained our strength with sufficient vigor in the last years, I believe that before we meet that crisis, that the next president of the United States should send a message to Congress asking for a revitalization of our military strength, because come spring or late in the winter we're going to be face to face with the most serious Berlin crisis since l949 or fifty.",MMUSED-fallacy/audio_clips/2_1960/358.wav,0
train,411,"Senator McCain cut -- Senator McCain opposed funding for troops in legislation that had a timetable, because he didn't believe in a timetable.",MMUSED-fallacy/audio_clips/33_2008/474.wav,1
train,412,"Senator Obama, as a member of the Illinois State Senate, voted in the Judiciary Committee against a law that would provide immediate medical attention to a child born of a failed abortion. He voted against that. And then, on the floor of the State Senate, as he did 130 times as a state senator, he voted present. Then there was another bill before the Senate Judiciary Committee in the state of Illinois not that long ago, where he voted against a ban on partial-birth abortion, one of the late-term abortion, a really -- one of the bad procedures, a terrible. And then, on the floor of the Illinois State Senate, he voted present.",MMUSED-fallacy/audio_clips/36_2008/747.wav|MMUSED-fallacy/audio_clips/36_2008/748.wav|MMUSED-fallacy/audio_clips/36_2008/749.wav|MMUSED-fallacy/audio_clips/36_2008/750.wav|MMUSED-fallacy/audio_clips/36_2008/751.wav,2
train,413,"It looks like a bombed-out city - great, gaunt skeletons of buildings. Windows smashed out, painted on one of them ""Unkept promises;"" on another, ""Despair.""",MMUSED-fallacy/audio_clips/9_1980/205.wav|MMUSED-fallacy/audio_clips/9_1980/206.wav,0
train,414,Let me just say that obviously tonight we're going to hear some phony numbers about what I think and what we ought to do.,MMUSED-fallacy/audio_clips/25_2000/69.wav,0
train,415,What the vice president has just said is just a complete distortion.,MMUSED-fallacy/audio_clips/30_2004/216.wav,0
train,416,"We are going to, as I say, we're busy trying to find the centers where these operations stem from, and retaliation will be taken.",MMUSED-fallacy/audio_clips/12_1984/278.wav,0
train,417,Joe Biden has been a cheerleader for Communist China through over the last several decades.,MMUSED-fallacy/audio_clips/45_2020/423.wav,2
train,418,I think it's a cynicism in Washington and it doesn't have to be that way.,MMUSED-fallacy/audio_clips/28_2000/753.wav,0
train,419,"But as governor, when I was at that end of the line and receiving some of these grants for Government programs, I saw that so many of them were dead-end.",MMUSED-fallacy/audio_clips/9_1980/264.wav,0
train,420,"First of all, remember that in this campaign season, since Senator Dole's been a candidate, he has bragged about the fact that he voted against Medicare in the beginning, in 1965, one of only 12 members.",MMUSED-fallacy/audio_clips/22_1996/156.wav,0
train,421,"And -- and I -- I think the president just said correctly that the buck does stop at his desk and -- and he takes responsibility for -- for that -- for the failure in providing those security resources, and -- and those terrible things may well happen from time to time.",MMUSED-fallacy/audio_clips/39_2012/881.wav,0
train,422,"They are the states in the Midwest, they are the states in the upper Midwest, that's where the spike is occurring significantly, but they're all Americans.",MMUSED-fallacy/audio_clips/46_2020/263.wav,0
train,423,"Well, for one thing—and before we start on that—my father gave me a very small loan in 1975, and I built it into a company that's worth many, many billions of dollars, with some of the greatest assets in the world, and I say that only because that's the kind of thinking that our country needs. Our country's in deep trouble.",MMUSED-fallacy/audio_clips/41_2016/113.wav|MMUSED-fallacy/audio_clips/41_2016/114.wav,0
train,424,I think we've had a very healthy discussion.,MMUSED-fallacy/audio_clips/36_2008/897.wav,0
train,425,This is a bad tax.,MMUSED-fallacy/audio_clips/28_2000/614.wav,0
train,426,"And I've met wives who are supportive of their husbands or vice versa when they finally sort of broke out and allowed themselves to live who they were, who they felt God had made them.",MMUSED-fallacy/audio_clips/32_2004/331.wav,0
train,427,That's why so many people in my state were dying and getting cancer.,MMUSED-fallacy/audio_clips/46_2020/1345.wav,0
train,428,"President Kennedy once said in response to similar arguments, ""We are great, but we can be greater.''",MMUSED-fallacy/audio_clips/10_1984/842.wav,5
train,429,"That is a legitimate concern, this is a very important area.",MMUSED-fallacy/audio_clips/26_2000/296.wav,0
train,430,"My message to our troops is, ""Thank you for what you're doing. We're standing with you strong. We'll give you all the equipment you need. And we'll get you home as soon as the mission's done, because this is a vital mission.""",MMUSED-fallacy/audio_clips/29_2004/300.wav|MMUSED-fallacy/audio_clips/29_2004/301.wav|MMUSED-fallacy/audio_clips/29_2004/302.wav|MMUSED-fallacy/audio_clips/29_2004/303.wav,0
train,431,"Right now the president is spending hundreds of millions of dollars to research bunker-busting nuclear weapons. The United States is pursuing a new set of nuclear weapons. It doesn't make sense. You talk about mixed messages. We're telling other people, ""You can't have nuclear weapons,"" but we're pursuing a new nuclear weapon that we might even contemplate using.",MMUSED-fallacy/audio_clips/29_2004/957.wav|MMUSED-fallacy/audio_clips/29_2004/958.wav|MMUSED-fallacy/audio_clips/29_2004/959.wav|MMUSED-fallacy/audio_clips/29_2004/960.wav|MMUSED-fallacy/audio_clips/29_2004/961.wav,2
train,432,"And every day that goes by, we see the results of the regime by Assad in partnership with the Iranians on the ground, the Russians in the air, bombarding places, in particular Aleppo, where there are hundreds of thousands of people, probably about 250,000 still left.",MMUSED-fallacy/audio_clips/42_2016/388.wav,0
train,433,He's called them phony and fuzzy.,MMUSED-fallacy/audio_clips/25_2000/581.wav,0
train,434,He is responsible for most of the major car bombings that have killed or maimed thousands of people.,MMUSED-fallacy/audio_clips/30_2004/377.wav,0
train,435,"But I think it makes sense, I think most Americans in their guts know, that we ought to pass a sort of truth standard.",MMUSED-fallacy/audio_clips/32_2004/850.wav,1
train,436,"I demanded an apology from Vice President Bush because I had, instead, honored these young men, grieved for their families, and think they were wonderful Americans that honored us all.",MMUSED-fallacy/audio_clips/12_1984/360.wav,0
train,437,"You know, just a couple of weeks ago, actually, probably about a month, I saw a mother, who I had met at the bedside of her son, who had been shot in that theater. And her son had been shot through the head.",MMUSED-fallacy/audio_clips/39_2012/946.wav|MMUSED-fallacy/audio_clips/39_2012/947.wav,0
train,438,"In addition, I was just endorsed by ICE.",MMUSED-fallacy/audio_clips/41_2016/858.wav,1
train,439,"Mr. Nixon would add a guarantee to islands five miles off the coast of the re- Republic of China when he's never really protested the Communists seizing Cuba, ninety miles off the coast of the United States.",MMUSED-fallacy/audio_clips/3_1960/164.wav,2
train,440,"Since I became president, 43, 44 countries have gone democratic, no longer totalitarian, no longer living under dictatorship or communist rule.",MMUSED-fallacy/audio_clips/21_1992/189.wav,3
train,441,"But let's not go back to that-what they call supply management and production control, that'll simply price us out of the international market.",MMUSED-fallacy/audio_clips/13_1988/894.wav,3
train,442,But I support the death penalty in the most heinous cases.,MMUSED-fallacy/audio_clips/28_2000/909.wav,0
train,443,"The No Child Left Behind Act, incredibly enough, was good work between me and my administration and people like Senator Ted Kennedy.",MMUSED-fallacy/audio_clips/32_2004/1014.wav,0
train,444,I want to get America's economy going again.,MMUSED-fallacy/audio_clips/39_2012/375.wav,5
train,445,"It got us into the mess we were in, in 2008 and 2009.",MMUSED-fallacy/audio_clips/41_2016/361.wav,0
train,446,We don't know whether he's developing weapons of mass destruction.,MMUSED-fallacy/audio_clips/27_2000/115.wav,0
train,447,His running mate Jack Kemp once said that Bob Dole never met a tax he didn't hike.,MMUSED-fallacy/audio_clips/22_1996/567.wav,1
train,448,"Because you're the one that takes the money from Wall Street, not me.",MMUSED-fallacy/audio_clips/46_2020/317.wav,2
train,449,"Now, we're now kidding anybody, Mr. President. Millions and millions of Americans.",MMUSED-fallacy/audio_clips/22_1996/319.wav|MMUSED-fallacy/audio_clips/22_1996/321.wav,0
train,450,We closed up the greatest economy in the world in order to fight this horrible disease that came from China.,MMUSED-fallacy/audio_clips/46_2020/15.wav,0
train,451,And I'm proud of him. I'm proud of my son.,MMUSED-fallacy/audio_clips/44_2020/1374.wav|MMUSED-fallacy/audio_clips/44_2020/1375.wav,0
train,452,I want beautiful clean air.,MMUSED-fallacy/audio_clips/44_2020/1403.wav,0
train,453,"It's a fraud, and it's a shame.",MMUSED-fallacy/audio_clips/44_2020/1661.wav,0
train,454,"If America shows uncertainty or weakness in this decade, the world will drift toward tragedy.",MMUSED-fallacy/audio_clips/29_2004/1090.wav,4
train,455,"I'm very pleased that the Fraternal Order of Police in Little Rock, Arkansas endorsed me because I think they see I'm trying to strengthen the anti-crime legislation.",MMUSED-fallacy/audio_clips/20_1992/426.wav,1
train,456,"If you want somebody who is willing to fight for you, I am asking for your support and your vote and, yes, your confidence and your willingness to believe that we can do the right thing in America, and be the better for it.",MMUSED-fallacy/audio_clips/28_2000/1018.wav,1
train,457,Every one of these items that I have mentioned he's been wrong - dead wrong.,MMUSED-fallacy/audio_clips/4_1960/262.wav,0
train,458,It is actuarially sound.,MMUSED-fallacy/audio_clips/3_1960/313.wav,0
train,459,She doesn't have the stamina.,MMUSED-fallacy/audio_clips/41_2016/1179.wav,2
train,460,And in my state I'm proud to say we've organized a drug education and prevention program which the Federal Drug Enforcement Administration says is a model for the country.,MMUSED-fallacy/audio_clips/13_1988/77.wav,1
train,461,I've been a consistent crusader on that behalf.,MMUSED-fallacy/audio_clips/26_2000/764.wav,0
train,462,"And if Americans trust me with the presidency, I can pledge to you, we will have the most significant effort, openly -- not secret meetings in the White House with special interests, not ideologically driven efforts to push people aside -- but a genuine effort to try to restore America's hope and possibilities by bringing people together.",MMUSED-fallacy/audio_clips/32_2004/1008.wav,0
train,463,Medicare belongs to you.,MMUSED-fallacy/audio_clips/32_2004/436.wav,0
train,464,I think what the next president ought to do is to promote a culture of life in America.,MMUSED-fallacy/audio_clips/25_2000/306.wav,5
train,465,"And with a little leadership, you'd get it in here very quickly, and it could be put to use on the inner cities and lots of other things, and it would be beautiful. But we have no leadership. And honestly, that starts with Secretary Clinton.",MMUSED-fallacy/audio_clips/41_2016/333.wav|MMUSED-fallacy/audio_clips/41_2016/334.wav|MMUSED-fallacy/audio_clips/41_2016/335.wav,2
train,466,They were choking on the sanctions.,MMUSED-fallacy/audio_clips/41_2016/956.wav,0
train,467,"I've talked to bankers and builders and developers, the housing advocates, community development agencies, and they want leadership from Washington.",MMUSED-fallacy/audio_clips/13_1988/375.wav,1
train,468,"Well, because I think that if the federal government moved out of the program and withdrew its supports uh - then I think you would have complete uh - economic chaos.",MMUSED-fallacy/audio_clips/1_1960/193.wav,0
train,469,"And that will always be the case as long as the Communists are on the international scene, in the aggressive tac- uh - tendencies that they presently are following.",MMUSED-fallacy/audio_clips/2_1960/170.wav,0
train,470,I believe that there is enough extravagance and fat in government.,MMUSED-fallacy/audio_clips/9_1980/169.wav,0
train,471,Bill Clinton has trouble telling the truth.,MMUSED-fallacy/audio_clips/18_1992/371.wav,2
train,472,"Now, remember, folks, even Senator Dole's campaign co-chair here, Senator D'Amato, says he's got to cut Medicare to pay for this.",MMUSED-fallacy/audio_clips/22_1996/930.wav,1
train,473,"Now, there are people who go to bed hungry in the United States - far less, incidentally, than used to go to bed hungry when we came into power at the end of the Truman Administration.",MMUSED-fallacy/audio_clips/2_1960/416.wav,3
train,474,"Secondly, Senator Dole had some pretty harsh comments about special interest money, but it wasn't me who opposed what we tried to do to save the lives of children who were subject to tobacco and then went to the tobacco growers and bragged about standing up for the Federal government when we tried to stop the advertising, marketing, and sales of tobacco to children. And it wasn't me that let the polluters actually come into the halls of Congress, into the rooms, and rewrite the environmental laws. That's what Speaker Gingrich and Senator Dole did, not me.",MMUSED-fallacy/audio_clips/22_1996/267.wav|MMUSED-fallacy/audio_clips/22_1996/268.wav|MMUSED-fallacy/audio_clips/22_1996/269.wav,2
train,475,I thought the President did the right thing with Mexico and was very strongly supportive of the administration in Mexico.,MMUSED-fallacy/audio_clips/27_2000/380.wav,0
train,476,"I want to quote somebody a little closer to home, Harry Truman. He said, ""The buck stops here.''",MMUSED-fallacy/audio_clips/12_1984/318.wav|MMUSED-fallacy/audio_clips/12_1984/319.wav,1
train,477,I have enormous regard for the men and women of the U. S. military.,MMUSED-fallacy/audio_clips/26_2000/316.wav,0
train,478,"But if there's one thing we also understand it is that you cannot make concessions to terrorists, ever, ever.",MMUSED-fallacy/audio_clips/13_1988/722.wav,0
train,479,"I don't mean to be critical of uh - Senator Mondale, but uh - I was uh - very, very surprised when I read that uh - Senator Mondale made a very derogatory, very personal comment about General Brown uh - after the news story that uh - broke about General Brown.",MMUSED-fallacy/audio_clips/7_1976/205.wav,2
train,480,"This is relevant, because he was pushing for lifting sanctions when he was CEO of Halliburton.",MMUSED-fallacy/audio_clips/30_2004/412.wav,2
train,481,"I ask everybody to look at my economic ideas and 9 Nobel prize winners and over 500 economists and hundreds of business people, including a lot of Republicans said, this is the way you've got to go.",MMUSED-fallacy/audio_clips/20_1992/80.wav,1
train,482,Those of us who served in Vietnam looked at you as a national hero even before you were awarded the Congressional Medal of Honor.,MMUSED-fallacy/audio_clips/18_1992/22.wav,0
train,483,"Five million jobs doesn't even keep up with our population growth. And the only reason the unemployment rate seems a little lower today is because of all the people that have dropped out of the workforce. The president has tried, but his policies haven't worked.",MMUSED-fallacy/audio_clips/39_2012/681.wav|MMUSED-fallacy/audio_clips/39_2012/682.wav|MMUSED-fallacy/audio_clips/39_2012/683.wav,3
train,484,It will come from the pockets of the people.,MMUSED-fallacy/audio_clips/8_1980/249.wav,0
train,485,"And this is the first president in 72 years to preside over an economy in America that has lost jobs, 1. Eleven other presidents -- six Democrats and five Republicans -- had wars, had recessions, had great difficulties; none of them lost jobs the way this president has.",MMUSED-fallacy/audio_clips/32_2004/598.wav|MMUSED-fallacy/audio_clips/32_2004/600.wav,0
train,486,"It would, of course, be a very serious situation if we had evidence, credible evidence, that Saddam Hussein was developing weapons of mass destruction.",MMUSED-fallacy/audio_clips/26_2000/401.wav,0
train,487,"Number two, Bernie Sanders said that Hillary Clinton has very bad judgment.",MMUSED-fallacy/audio_clips/42_2016/207.wav,2
train,488,This issue is an issue that divides Americans deeply.,MMUSED-fallacy/audio_clips/18_1992/644.wav,0
train,489,"There were eleven dictators in South America and in Central America when we came in, in 1953. Today there are only three left including the one in Cuba.",MMUSED-fallacy/audio_clips/2_1960/22.wav|MMUSED-fallacy/audio_clips/2_1960/23.wav,3
train,490,"What we do is work on that budget by an aggressive program, not a painful program, so that we can start borrowing less money and getting more investment money on the street through entrepreneurs who can build factories, who will hire people, and maybe we'll start manufacturing goods here in this country again.",MMUSED-fallacy/audio_clips/18_1992/207.wav,0
train,491,"No one has established at all that there is fraud related to mail-in ballots, that the, somehow it's a fraudulent process.",MMUSED-fallacy/audio_clips/44_2020/1784.wav,0
train,492,"Well, Mr. Ford is - is uh changing uh considerably his previous philosophy.",MMUSED-fallacy/audio_clips/5_1976/84.wav,2
train,493,"You know, one of the reasons so many Republicans are supporting the Clinton- Gore ticket is because they've turned over the party to this right wing extremist group which takes positions on issues like abortion that don't even allow exceptions for rape and incest.",MMUSED-fallacy/audio_clips/18_1992/731.wav,1
train,494,"Breaks my heart to reflect on it, but the military came into the Oval Office presented a plan.",MMUSED-fallacy/audio_clips/45_2020/520.wav,0
train,495,"How can they continue to watch Israeli children killed by suicide bombers, killed by terrorists?",MMUSED-fallacy/audio_clips/30_2004/447.wav,0
train,496,"But because Tommy Franks did such a great job in planning the operations, we moved rapidly, and a lot of the Baathists and Saddam loyalists laid down their arms and disappeared.",MMUSED-fallacy/audio_clips/29_2004/433.wav,0
train,497,"The members of Congress, Arthur Vandenberg, Walter George, were part of the process, and before our nation made a secret agreement, or before we made a bluffing statement, we were sure that we had the backing not only of the president and the secretary of state, but also of the Congress and the people.",MMUSED-fallacy/audio_clips/6_1976/147.wav,0
train,498,And we are seeing a major offensive taking place -- Al Qaida and Taliban crossing the border and attacking our troops in a brazen fashion.,MMUSED-fallacy/audio_clips/33_2008/514.wav,0
train,499,"As well, help is on the way, but it's certainly hard to tell it when he voted against the $87-billion supplemental to provide equipment for our troops, and then said he actually did vote for it before he voted against it.",MMUSED-fallacy/audio_clips/29_2004/340.wav,2
train,500,And it's a test for him whether he represents the old guard in the Soviet Union.,MMUSED-fallacy/audio_clips/26_2000/278.wav,0
train,501,I've heard them explain - try to explain - how they tell their children how they can go into a store and buy a loaf of bread but then can't go into that store and sit at the counter and get a Coca Cola.,MMUSED-fallacy/audio_clips/2_1960/95.wav,0
train,502,Surely we can fight off these laws that will encourage doctors to -- to allow doctors to take the lives of our seniors.,MMUSED-fallacy/audio_clips/25_2000/318.wav,4
train,503,We need to battle them overseas so we don't have to battle them here at home.,MMUSED-fallacy/audio_clips/30_2004/230.wav,0
train,504,"I think he called me racist, even, and because I was closing it to China.",MMUSED-fallacy/audio_clips/46_2020/180.wav,2
train,505,"Okay, Justice Ginsburg said very powerfully, very strongly, at some point 10 years ago or so, she said a President and the Senate is elected for a period of time, but a President is elected for four years.",MMUSED-fallacy/audio_clips/44_2020/75.wav,0
train,506,"You look at the Middle East, it's a total mess.",MMUSED-fallacy/audio_clips/41_2016/953.wav,0
train,507,We were safer before President Bush came to office. Now they have the bombs and we're less safe.,MMUSED-fallacy/audio_clips/31_2004/316.wav|MMUSED-fallacy/audio_clips/31_2004/317.wav,0
train,508,"When the federal government gets the power to pay teachers, inevitably in my opinion, it will acquire the power to set standards and to tell the teachers what to teach. I think this would be bad for the country; I think it would be bad for the teaching profession.",MMUSED-fallacy/audio_clips/1_1960/321.wav|MMUSED-fallacy/audio_clips/1_1960/322.wav,4
train,509,Doctors practice defensive medicine because of all the frivolous lawsuits that cost our government $28 billion a year.,MMUSED-fallacy/audio_clips/31_2004/612.wav,0
train,510,"Throughout my career in public service, I have fought for the working men and women of this country, middle-class families.",MMUSED-fallacy/audio_clips/25_2000/1072.wav,0
train,511,How many of you got up this morning and had an empty chair at the kitchen table because someone died of COVID?,MMUSED-fallacy/audio_clips/44_2020/432.wav,0
train,512,"I've got a bracelet, too, from Sergeant - from the mother of Sergeant Ryan David Jopeck (ph), given to me in green bay. She asked me, can you please make sure another mother is not going through what I'm going through.",MMUSED-fallacy/audio_clips/33_2008/605.wav|MMUSED-fallacy/audio_clips/33_2008/606.wav,0
train,513,"Now, I want to congratulate Mr. Kemp for being a lonely voice in the Republican party over the years on this question. It is -- it is with some sadness that I refer to the fact that the day after he joined Senator Dole's ticket, he announced that he was changing his position and was hereto, thereafter going to adopt Senator Dole's position to end all affirmative action.",MMUSED-fallacy/audio_clips/23_1996/115.wav|MMUSED-fallacy/audio_clips/23_1996/116.wav,0
train,514,"You see, I'd have found a way to sign that bill. Governor Thompson of Illinois did.",MMUSED-fallacy/audio_clips/13_1988/289.wav|MMUSED-fallacy/audio_clips/13_1988/290.wav,1
train,515,We have gone from the biggest deficits eight years ago to the biggest surpluses in history today.,MMUSED-fallacy/audio_clips/28_2000/928.wav,0
train,516,This is dangerous. It isn't just naive; it's dangerous.,MMUSED-fallacy/audio_clips/33_2008/720.wav|MMUSED-fallacy/audio_clips/33_2008/721.wav,0
train,517,The big drug companies support Governor Bush's prescription drug proposal.,MMUSED-fallacy/audio_clips/25_2000/773.wav,2
train,518,The issue is the American people should speak. You should go out and vote. You're voting now.,MMUSED-fallacy/audio_clips/44_2020/307.wav|MMUSED-fallacy/audio_clips/44_2020/308.wav|MMUSED-fallacy/audio_clips/44_2020/309.wav,0
train,519,So this is a serious threat.,MMUSED-fallacy/audio_clips/33_2008/646.wav,0
train,520,"I had a discussion with my daughter, Amy, the other day, before I came here, to ask her what the most important issue was. She said she thought nuclear weaponry - and the control of nuclear arms. This is a formidable force.",MMUSED-fallacy/audio_clips/9_1980/422.wav|MMUSED-fallacy/audio_clips/9_1980/423.wav|MMUSED-fallacy/audio_clips/9_1980/424.wav,1
train,521,This is a democracy in which we have the freest press and the greatest First Amendment rights in the history of mankind.,MMUSED-fallacy/audio_clips/23_1996/28.wav,0
train,522,It would be very disturbing to American people.,MMUSED-fallacy/audio_clips/9_1980/407.wav,0
train,523,And in our country we have evolved to a point where we've put millions of innocent people in jail because you go to the poor neighborhoods and they've put bars on their windows and bars on their doors and put themselves in jail to protect the things that they acquired legitimately.,MMUSED-fallacy/audio_clips/20_1992/446.wav,0
train,524,"Instead of a high unemployment, we have the lowest African-American and Latin American unemployment rates in history and 22 million new jobs.",MMUSED-fallacy/audio_clips/25_2000/833.wav,3
train,525,"First, maybe he's not as rich as he says he is.",MMUSED-fallacy/audio_clips/41_2016/435.wav,2
train,526,"The question is for the next president, are we making good judgments about how to keep America safe precisely because sending our military into battle is such an enormous step.",MMUSED-fallacy/audio_clips/33_2008/610.wav,0
train,527,"The CBO said very clearly that if you were to adopt the president's plan, there would be a $2 trillion hole in Social Security, because today's workers pay in to the system for today's retirees. And the CBO said -- that's the Congressional Budget Office; it's bipartisan -- they said that there would have to be a cut in benefits of 25 percent to 40 percent.",MMUSED-fallacy/audio_clips/32_2004/557.wav|MMUSED-fallacy/audio_clips/32_2004/558.wav,1
train,528,"One percent of America got $89 billion last year in a tax cut, but people working hard, playing by the rules, trying to take care of their kids, family values, that we're supposed to value so much in America -- I'm tired of politicians who talk about family values and don't value families.",MMUSED-fallacy/audio_clips/32_2004/724.wav,0
train,529,"I was elected the first woman of color, and black woman, to be elected Attorney General of the state of California, where I ran the second largest Department of Justice in the United States, second only to the United States Department of Justice.",MMUSED-fallacy/audio_clips/45_2020/186.wav,0
train,530,"I was with the head of a major country, it's a forest city.",MMUSED-fallacy/audio_clips/44_2020/1428.wav,1
train,531,"For those of you who he wants to scare into the voting booth to vote for him, hear me loud and clear.",MMUSED-fallacy/audio_clips/25_2000/899.wav,2
train,532,The American people want arms control.,MMUSED-fallacy/audio_clips/10_1984/288.wav,1
train,533,"And meanwhile, North Korea has got nuclear weapons. Talk about mixed messages. The president is the one that said, ""We can't allow countries to get nuclear weapons."" They have.",MMUSED-fallacy/audio_clips/29_2004/474.wav|MMUSED-fallacy/audio_clips/29_2004/475.wav|MMUSED-fallacy/audio_clips/29_2004/476.wav|MMUSED-fallacy/audio_clips/29_2004/477.wav,2
train,534,This is primarily an ideological battle - a battle for the minds and the hearts and the souls of men.,MMUSED-fallacy/audio_clips/2_1960/246.wav,0
train,535,"I said, there's a person with a temperament that's got a problem.",MMUSED-fallacy/audio_clips/41_2016/1037.wav,2
train,536,It is such an assault on the basic promise that America makes that the law will treat individuals as individuals regardless of their status.,MMUSED-fallacy/audio_clips/26_2000/642.wav,0
train,537,And you folks out there are going to have to choose who you think is right.,MMUSED-fallacy/audio_clips/22_1996/1007.wav,1
train,538,"I'm saying that those of us who are elected to positions of political leadership, Jim, have a special responsibility, not only to come up with programs, and I have outlined in detail the very important, very strong program of enforcement as well as drug education prevention.",MMUSED-fallacy/audio_clips/13_1988/70.wav,0
train,539,It's a scaring -- he's trying to scare people in the voting booth.,MMUSED-fallacy/audio_clips/25_2000/179.wav,2
train,540,"I think a lot of times we just spend aid and say we feel better about it and it ends up being spent the wrong way, and there's some pretty egregious examples recently.",MMUSED-fallacy/audio_clips/27_2000/376.wav,0
train,541,He has the ability to lock himself up.,MMUSED-fallacy/audio_clips/46_2020/120.wav,2
train,542,"But let's talk -- you know, you keep talking about trickle-down economics and all this stuff, about the worst economy since Hoover.",MMUSED-fallacy/audio_clips/18_1992/232.wav,0
train,543,It's very unfair to the average taxpayer who pays his taxes and pays them on time to permit these monies to go uncollected.,MMUSED-fallacy/audio_clips/13_1988/110.wav,0
train,544,"I had a person in the Oval Office who lost a child in a school bus accident where a drunk driver caused the accident directly, but there were problems with the school bus. The drunk driver had no money. Under the new bill, if I had signed it, a person like that could never have had any recovery. I thought that was wrong.",MMUSED-fallacy/audio_clips/22_1996/236.wav|MMUSED-fallacy/audio_clips/22_1996/237.wav|MMUSED-fallacy/audio_clips/22_1996/238.wav|MMUSED-fallacy/audio_clips/22_1996/239.wav,0
train,545,"The most dangerous aspect of this proposal is, for the first time, we would delegate to computers the decision as to whether to start a war. That's dead wrong.",MMUSED-fallacy/audio_clips/12_1984/506.wav|MMUSED-fallacy/audio_clips/12_1984/507.wav,0
train,546,"But I do know that if the president of the United States and the Congress of the United States and the people of the United States said, ""I believe our nation is greater than what we are now.""",MMUSED-fallacy/audio_clips/7_1976/616.wav,5
train,547,He called them coerced and the bribed.,MMUSED-fallacy/audio_clips/29_2004/424.wav,0
train,548,"And you guys have been having a hard time, and I want to fight for you.",MMUSED-fallacy/audio_clips/28_2000/584.wav,0
train,549,"Because when you do not tax, and tax enough to pay for your outgo, you pay it many times over in higher prices and inflation; and I simply will not do that.",MMUSED-fallacy/audio_clips/2_1960/393.wav,4
train,550,"So there are a lot of good things in this bill we should have done instead of trying this massive, massive takeover by the Federal government.",MMUSED-fallacy/audio_clips/22_1996/588.wav,0
train,551,"The American people are healed, are working together.",MMUSED-fallacy/audio_clips/7_1976/562.wav,0
train,552,"And then long-term we've got to fix our health care system, we've got to fix our energy system that is putting such an enormous burden on families.",MMUSED-fallacy/audio_clips/35_2008/41.wav,0
train,553,"But when I closed, he said, this is a terrible thing.",MMUSED-fallacy/audio_clips/46_2020/178.wav,0
train,554,"And when people vote, I think you're going to see a very strong verdict by the American people that they favor the approach that I'm talking about.",MMUSED-fallacy/audio_clips/10_1984/287.wav,1
train,555,"And I believe that a fresh start, new credibility, a president who can understand what we have to do to reach out to the Muslim world to make it clear that this is not, you know -- Osama bin Laden uses the invasion of Iraq in order to go out to people and say that America has declared war on Islam.",MMUSED-fallacy/audio_clips/29_2004/505.wav,0
train,556,"We provide the leadership and we're going to have to continue to provide the leadership, but let's do it on our terms when our interests are involved and not when somebody blows the whistle at the United Nations.",MMUSED-fallacy/audio_clips/22_1996/504.wav,0
train,557,"And you know this liberal charge, that's what their party always drags out when they get in a tight race. It's sort of their golden oldie, you know.",MMUSED-fallacy/audio_clips/22_1996/842.wav|MMUSED-fallacy/audio_clips/22_1996/843.wav,0
train,558,"I want people in Latin America and Africa and Asia to start to look to America; to see how we're doing things; to wonder what the resident of the United States is doing; and not to look at Khrushchev, or look at the Chinese Communists.",MMUSED-fallacy/audio_clips/1_1960/63.wav,0
train,559,"And let's take the money that we've been spending on war over the last decade to rebuild America, roads, bridges schools. We do those things, not only is your future going to be bright but America's future is going to bright as well.",MMUSED-fallacy/audio_clips/39_2012/78.wav|MMUSED-fallacy/audio_clips/39_2012/79.wav,4
train,560,I'm talking about our willingness to bear any burdens in order to maintain our own freedom and in order to meet our freedom around the globe.,MMUSED-fallacy/audio_clips/2_1960/372.wav,0
train,561,There is nothing more prejudiced than not educating a child.,MMUSED-fallacy/audio_clips/27_2000/510.wav,0
train,562,I said she doesn't have the stamina.,MMUSED-fallacy/audio_clips/41_2016/1180.wav,2
train,563,The American people had lost faith and trust and confidence in the presidency itself.,MMUSED-fallacy/audio_clips/7_1976/554.wav,0
train,564,"On the issue of the economy, I think there couldn't be a more fundamental difference between Donald Trump and Joe Biden.",MMUSED-fallacy/audio_clips/45_2020/253.wav,0
train,565,"And the point is that that's the place where you're most likely to see the terrorists come together with weapons of mass destruction, the deadly technologies that Saddam Hussein had developed and used over the years.",MMUSED-fallacy/audio_clips/30_2004/102.wav,0
train,566,I strongly supported it. And members of Senator Dole's own party in the Senate killed it. And he was not out there urging them to vote for the McCain-Feingold bill.,MMUSED-fallacy/audio_clips/22_1996/311.wav|MMUSED-fallacy/audio_clips/22_1996/312.wav|MMUSED-fallacy/audio_clips/22_1996/313.wav,2
train,567,"He cut if off, sort of arbitrarily.",MMUSED-fallacy/audio_clips/29_2004/493.wav,0
train,568,"I believe the United States is at peace tonight in part because of the disciplined, careful, effective deployment of our military resources.",MMUSED-fallacy/audio_clips/22_1996/519.wav,0
train,569,"Well, first of all, Secretary Clinton doesn't want to use a couple of words, and that's law and order.",MMUSED-fallacy/audio_clips/41_2016/575.wav,5
train,570,Government ought to stand on the side of parents.,MMUSED-fallacy/audio_clips/28_2000/668.wav,0
train,571,"Now, you're -- and the way it would happen is that under his plan, if a school was designated as failing, the kids would be trapped there for another three years and then some of them would get federal vouchers and the state would be forced to match those, that money.",MMUSED-fallacy/audio_clips/28_2000/266.wav,4
train,572,"Well, two leading national news networks have both said the president's characterization of my health-care plan is incorrect. One called it fiction. The other called it untrue.",MMUSED-fallacy/audio_clips/32_2004/468.wav|MMUSED-fallacy/audio_clips/32_2004/469.wav|MMUSED-fallacy/audio_clips/32_2004/470.wav,1
train,573,Now what do the Chinese Communists want? They don't want just Quemoy and Matsu; they don't want just Formosa; they want the world.,MMUSED-fallacy/audio_clips/3_1960/60.wav|MMUSED-fallacy/audio_clips/3_1960/61.wav,0
train,574,"If we're not an economic superpower, we're a used to be and we will no longer be a force for good throughout the world.",MMUSED-fallacy/audio_clips/21_1992/236.wav,4
train,575,But what we have seen with Donald Trump is that he has betrayed our friends and embraced dictators around the world.,MMUSED-fallacy/audio_clips/45_2020/491.wav,2
train,576,"If the United States had not moved when we did in southern Africa, there's no doubt there would have been an acceleration of bloodshed in that tragic part of the world.",MMUSED-fallacy/audio_clips/6_1976/433.wav,4
train,577,Think about that father down there in Houston who has to tell his youngster that he can't play little league ball that he can't go out on the ball field because he's afraid he's going to get hurt.,MMUSED-fallacy/audio_clips/13_1988/515.wav,0
train,578,"Well, the American people have witnessed what is the greatest failure of any presidential administration in the history of our country.",MMUSED-fallacy/audio_clips/45_2020/33.wav,1
train,579,That shows that there's been more growth in this Administration than in its predecessor.,MMUSED-fallacy/audio_clips/1_1960/102.wav,3
train,580,"And the way to reduce them is by reducing the number of unwanted pregnancies, not vetoing family planning legislation the way George Bush has consistently done.",MMUSED-fallacy/audio_clips/18_1992/637.wav,1
train,581,"Mueller and 18 angry Democrats, and FBI agents all over the place spent, $48 million.",MMUSED-fallacy/audio_clips/46_2020/473.wav,1
train,582,"I would like to have a crusade today, and I would like to lead that crusade with your help. And it would be one to take Government off the backs of the great people of this country, and turn you loose again to do those things that I know you can do so well, because you did them and made this country great.",MMUSED-fallacy/audio_clips/9_1980/683.wav|MMUSED-fallacy/audio_clips/9_1980/684.wav,0
train,583,"But it's bad, bad experience.",MMUSED-fallacy/audio_clips/41_2016/1201.wav,0
train,584,"And the only one she talked to was Sidney Blumenthal, who's her friend and not a good guy, by the way.",MMUSED-fallacy/audio_clips/42_2016/541.wav,2
train,585,"In 1974, we had the worst recession, the deepest and most penetrating recession since the Second World War.",MMUSED-fallacy/audio_clips/9_1980/109.wav,0
train,586,"-- I couldn't agree with you more, couldn't agree with you more.",MMUSED-fallacy/audio_clips/20_1992/162.wav,0
train,587,But it was simply wrong to finance their last scheme to cut Medicare $270 billion to run the risk of it withering on the vine.,MMUSED-fallacy/audio_clips/22_1996/165.wav,0
train,588,"The figures that the President has just used about California is a distortion of the situation there, because while I was Governor of California, our spending in California increased less per capita than the spending in Georgia while Mr. Carter was Governor of Georgia in the same four years.",MMUSED-fallacy/audio_clips/9_1980/188.wav,0
train,589,You're spending millions and millions of dollars in negative ads frightening senior citizens.,MMUSED-fallacy/audio_clips/22_1996/984.wav,0
train,590,And I need the help of everybody across this country to get it passed in a substantial way by the Congress.,MMUSED-fallacy/audio_clips/20_1992/311.wav,1
train,591,"Clearly, Abraham Lincoln put it best when he said you serve your party best by serving the nation first.",MMUSED-fallacy/audio_clips/23_1996/25.wav,5
train,592,It's an absolute disgrace.,MMUSED-fallacy/audio_clips/42_2016/600.wav,0
train,593,"For 38 years one party has controlled the House of Representatives, and the result, a sorry little post office that can't do anything right and a bank that has more overdrafts than all the Chase Bank and Citibank put together.",MMUSED-fallacy/audio_clips/20_1992/466.wav,0
train,594,I think he said that Israel was a - a military burden on us and that Iran hoped to reestablish the Persian Empire. Ah - I'm not uh - sure that I remembered earlier that President Ford had - had expressed uh - his concern about the statement or apologized for it.,MMUSED-fallacy/audio_clips/7_1976/171.wav|MMUSED-fallacy/audio_clips/7_1976/172.wav,1
train,595,"They are a tough and a ruthless adversary, and we must be prepared to meet that challenge, and I would.",MMUSED-fallacy/audio_clips/12_1984/146.wav,0
train,596,"By contrast, in the nation as a whole, during the last 4 years, it is the first time since the presidency of Herbert Hoover, that we have gone for a 4-year period with fewer jobs at the end of that 4-year period than we had at the beginning.",MMUSED-fallacy/audio_clips/18_1992/214.wav,3
train,597,They were with the drug companies.,MMUSED-fallacy/audio_clips/30_2004/1021.wav,2
train,598,"I'm for getting rid of the death tax, completely getting rid of the death tax.",MMUSED-fallacy/audio_clips/28_2000/612.wav,0
train,599,"Will it be a nightmare world threatened with the proliferation of atomic bombs, not just in five major countries but dozens of smaller countries that have been permitted to develop atomic weapons because of a failure of our top leadership to stop proliferation? Will we have a world of hunger and - and hatred, and will we be living in an armed camp stripped of our friendship and allies hiding behind a tight defense that's been drawn in around us because we are fearful of the outside world?",MMUSED-fallacy/audio_clips/6_1976/585.wav|MMUSED-fallacy/audio_clips/6_1976/586.wav,0
train,600,"Also, we'll never be strong again overseas, unless we're strong at home.",MMUSED-fallacy/audio_clips/6_1976/398.wav,5
train,601,He has really started his political activity based on this racist lie that our first black president was not an American citizen.,MMUSED-fallacy/audio_clips/41_2016/789.wav,2
train,602,That's not the way we cut -- we'll cut out all the pork.,MMUSED-fallacy/audio_clips/36_2008/217.wav,0
train,603,You've already spent $45 million scaring seniors and tearing me apart.,MMUSED-fallacy/audio_clips/22_1996/181.wav,0
train,604,And I think it's a disgrace that so far Mr. Ford's administration has blocked the passage of legislation that would've revealed by law every instance of the boycott and it would've prevented the boycott from continuing.,MMUSED-fallacy/audio_clips/6_1976/551.wav,0
train,605,"Thirdly, in Bosnia it's a virtual miracle that there has been no return to war and at least there has now been an election.",MMUSED-fallacy/audio_clips/22_1996/476.wav,0
train,606,I think that he insulted the intelligence of the American people and I'm awful proud that the American people rejected that tactic so overwhelmingly that he decided he had made a mistake.,MMUSED-fallacy/audio_clips/18_1992/897.wav,0
train,607,They're working harder and higher and harder paying more taxes.,MMUSED-fallacy/audio_clips/22_1996/117.wav,0
train,608,"I've met dishwashers, painters, architects, glass installers, marble installers, drapery installers, like my dad was, who you refused to pay when they finished the work that you asked them to do. We have an architect in the audience who designed one of your clubhouses at one of your golf courses. It's a beautiful facility. It immediately was put to use.",MMUSED-fallacy/audio_clips/41_2016/506.wav|MMUSED-fallacy/audio_clips/41_2016/507.wav|MMUSED-fallacy/audio_clips/41_2016/508.wav|MMUSED-fallacy/audio_clips/41_2016/509.wav,0
train,609,"We're about to go into a dark winter, a dark winter, and he has no clear plan and there's no prospect that there's going to be a vaccine available for the majority of the American people before the middle of next year.",MMUSED-fallacy/audio_clips/46_2020/85.wav,0
train,610,"He's just not credible. If you look at his record in the Senate, he voted to break the caps -- the spending caps -- over 200 times. And here he says he's going to be a fiscal conservative, all of a sudden. It's just not credible. You cannot believe it. And of course he's going to raise your taxes.",MMUSED-fallacy/audio_clips/31_2004/756.wav|MMUSED-fallacy/audio_clips/31_2004/757.wav|MMUSED-fallacy/audio_clips/31_2004/758.wav|MMUSED-fallacy/audio_clips/31_2004/759.wav|MMUSED-fallacy/audio_clips/31_2004/760.wav|MMUSED-fallacy/audio_clips/31_2004/761.wav,1
train,611,Numerous administrations going back certainly to World War II have had to wrestle with the problem of what should happen to the Middle East.,MMUSED-fallacy/audio_clips/26_2000/367.wav,4
train,612,"Republicans talk about it, but we're the first the first administration in anybody's lifetime looking at this program to bring that deficit down four years in a row.",MMUSED-fallacy/audio_clips/22_1996/1033.wav,0
train,613,I've never depended on powerful political figures to put me in office. I have a direct relationship with hundreds of people around - hundreds of thousands around the country who actively campaign for me.,MMUSED-fallacy/audio_clips/7_1976/517.wav|MMUSED-fallacy/audio_clips/7_1976/518.wav,1
train,614,"Again, it may not work, but if it doesn't work, then we have strengthened our ability to form alliances to impose the tough sanctions that Senator McCain just mentioned.",MMUSED-fallacy/audio_clips/33_2008/694.wav,1
train,615,"If that is not confirmed and does not happen, then I think the United States, with its European allies, ought to do everything we can to encourage the people of Serbia to do exactly what they've been doing over the last few days to rise up and end this reign of terror by Milosevic, and bring themselves back into the family of nations where they will be welcomed by the United States and others.",MMUSED-fallacy/audio_clips/26_2000/247.wav,0
train,616,"It's his trustees, the President's trustees, not mine, who says it's going to go broke.",MMUSED-fallacy/audio_clips/22_1996/176.wav,1
train,617,"Looking then to this problem of how the United States should move ahead and where the United States is moving, I think it is well that we take the advice of a very famous campaigner: Let's look at the record.",MMUSED-fallacy/audio_clips/1_1960/86.wav,0
train,618,And I'm interested in what we can trust him to do and what you can trust me to do and what you can trust Mr. Perot to do for the next 4 years. So I think you're right and I hope the rest of the night belongs to you.,MMUSED-fallacy/audio_clips/20_1992/216.wav|MMUSED-fallacy/audio_clips/20_1992/217.wav,1
train,619,But stop-and- frisk had a tremendous impact on the safety of New York City.,MMUSED-fallacy/audio_clips/41_2016/698.wav,0
train,620,"I think that one of the problems that we have faced in the world is that we are so much more powerful than any single nation has been in relationship to the rest of the world than at any time in history, that I know about, anyway.",MMUSED-fallacy/audio_clips/27_2000/65.wav,0
train,621,"You see, we'll never be able to compete in the 21st century unless we have an education system that doesn't quit on children, an education system that raises standards, an education that makes sure there's excellence in every classroom.",MMUSED-fallacy/audio_clips/32_2004/755.wav,0
train,622,"But it won't be possible to do, if his tax scheme passes because even his own campaign co-chair, Senator D'Amato, says he'll have to cut Medicare even more than was cut in the bill that I vetoed.",MMUSED-fallacy/audio_clips/22_1996/185.wav,3
train,623,"Now, you're saying you're gonna get it done because you're all talk and no action, Joe.",MMUSED-fallacy/audio_clips/46_2020/1180.wav,2
train,624,"And for the state to interfere in that decision, under whatever guise, and with whatever rationale, for the state to try to take over in that situation, and by edict, command what the individual shall do, and substitute itself for that individual's conscience, for her right to consult her rabbi, her minister, her priest, her doctor - any other counselor of her choice - I think goes beyond what we want to ever see accomplished in this country, if we really believe in the First Amendment: if we really believe in freedom of choice and the right of the individual.",MMUSED-fallacy/audio_clips/8_1980/400.wav,5
train,625,And it's time we had that bresh of freth air (sic) -- breath of fresh air coming into our nation's capital and sweep out the old-boy network and the cronyism that's been so much a part of it that I've fought against for all these years.,MMUSED-fallacy/audio_clips/36_2008/460.wav,0
train,626,"Russia is still very unstable; they could go back to square one, and worse.",MMUSED-fallacy/audio_clips/21_1992/218.wav,0
train,627,We find that the prices you pay went up five times as much in the Truman Administration as they did in the Eisenhower Administration.,MMUSED-fallacy/audio_clips/1_1960/107.wav,3
train,628,I think it's always a tragic situation.,MMUSED-fallacy/audio_clips/36_2008/773.wav,0
train,629,Prime Minister Allawi believes they want to.,MMUSED-fallacy/audio_clips/29_2004/293.wav,1
train,630,That's why faith in the United States is pure and unpolluted by the intervention of politicians.,MMUSED-fallacy/audio_clips/10_1984/231.wav,0
train,631,"It is not enough to stand on this record because we are dealing with the most ruthless, fanatical... leaders that the world has ever seen.",MMUSED-fallacy/audio_clips/4_1960/51.wav,2
train,632,That is a very happy ending to a terrible story. It's the end of a reign of terror.,MMUSED-fallacy/audio_clips/26_2000/245.wav|MMUSED-fallacy/audio_clips/26_2000/246.wav,0
train,633,"I wish he could have been with me when I sat with a group of teenagers who were black, and who were telling me about their unemployment problems, and that it was the minimum wage that had done away with the jobs that they once could get.",MMUSED-fallacy/audio_clips/9_1980/267.wav,1
train,634,The biggest threat we faced today is the possibility of terrorists smuggling a nuclear weapon or a biological agent into one of our own cities and threatening the lives of hundreds of thousands of Americans.,MMUSED-fallacy/audio_clips/30_2004/26.wav,0
train,635,"And if we don't act today, the problem will be valued in the trillions.",MMUSED-fallacy/audio_clips/32_2004/540.wav,4
train,636,"But in the final analysis-in the final analysis, the person goes into that voting booth, they're going to say, â‰¥Who has the values I believe in? Who has the experience that we trust? Who has the integrity and stability to get the job done? â‰¤ My fellow Americans, I am that man and I ask for your support.",MMUSED-fallacy/audio_clips/13_1988/921.wav|MMUSED-fallacy/audio_clips/13_1988/922.wav|MMUSED-fallacy/audio_clips/13_1988/923.wav|MMUSED-fallacy/audio_clips/13_1988/924.wav,0
train,637,And we can renew and rekindle the American spirit and make our future what our founders dreamed it could be. We can.,MMUSED-fallacy/audio_clips/28_2000/739.wav|MMUSED-fallacy/audio_clips/28_2000/740.wav,0
train,638,"Here's what's happened: In the time that they have been in office, in the last four years, 1.6 million private sector jobs have been lost, 2.7 million manufacturing jobs have been lost. And it's had real consequences in places like Cleveland.",MMUSED-fallacy/audio_clips/30_2004/532.wav|MMUSED-fallacy/audio_clips/30_2004/533.wav,3
train,639,"That, to me, was so hurtful.",MMUSED-fallacy/audio_clips/36_2008/315.wav,0
train,640,"Obviously, this is another indication of trying to use the defense budget for political purposes, which he's trying to do tonight.",MMUSED-fallacy/audio_clips/6_1976/105.wav,2
train,641,"These are people that are bad people that shouldn't be—when you have 3,000 shootings in Chicago from January 1st, when you have 4,000 people killed in Chicago by guns, from the beginning of the presidency of Barack Obama, his hometown, you have to have stop-and-frisk.",MMUSED-fallacy/audio_clips/41_2016/615.wav,3
train,642,This is not mud slinging. This is fact slinging -- a bill earlier this year.,MMUSED-fallacy/audio_clips/20_1992/331.wav|MMUSED-fallacy/audio_clips/20_1992/332.wav,0
train,643,It was just take a look at the person that she built up to be this wonderful Girl Scout who was no Girl Scout.,MMUSED-fallacy/audio_clips/42_2016/529.wav,2
train,644,"He said, ""I'll get back to you."" And that's not the kind of advocacy that women need in any economy.",MMUSED-fallacy/audio_clips/39_2012/505.wav|MMUSED-fallacy/audio_clips/39_2012/506.wav,1
train,645,He is a danger.,MMUSED-fallacy/audio_clips/27_2000/145.wav,0
train,646,"So we use diplomacy every chance we get, believe me.",MMUSED-fallacy/audio_clips/29_2004/692.wav,0
train,647,"I think uh - the uh - increase and the uh - prospects as far as I'm concerned and the I - less favorable prospects for Governor Carter, reflect that Governor Carter uh - is inconsistent in many of the positions that he takes. He tends to distort on a number of occasions.",MMUSED-fallacy/audio_clips/7_1976/528.wav|MMUSED-fallacy/audio_clips/7_1976/529.wav,1
train,648,Our character is on the ballot.,MMUSED-fallacy/audio_clips/46_2020/1090.wav,5
train,649,"When the vice president was CEO of Halliburton, they took advantage of every offshore loophole available.",MMUSED-fallacy/audio_clips/30_2004/769.wav,2
train,650,I notice particularly that he didn't endorse the Humphrey-Hawkins bill which he has on occasions and which is included as a part of the Democratic platform.,MMUSED-fallacy/audio_clips/5_1976/46.wav,2
train,651,"I could give better examples, but for - for whatever it is, whether it's in the field of housing, or health, or medical care, or schools, or the eh- development of electric power, we have programs which we believe will move America, move her forward and build on the wonderful record that we have made over these past seven and a half years.",MMUSED-fallacy/audio_clips/1_1960/129.wav,0
train,652,We also have to see that all of the people of the United States - the tremendous talents that our people have - are used adequately.,MMUSED-fallacy/audio_clips/3_1960/350.wav,0
train,653,And I believe it's saved hundreds of thousands of American lives.,MMUSED-fallacy/audio_clips/45_2020/71.wav,0
train,654,I think that would be a very serious mistake.,MMUSED-fallacy/audio_clips/42_2016/457.wav,0
train,655,"My son was in Iraq. He spent a year there. He got, he got the Bronze Star. He got the Conspicuous Service Medal. He was not a loser.",MMUSED-fallacy/audio_clips/44_2020/1350.wav|MMUSED-fallacy/audio_clips/44_2020/1351.wav|MMUSED-fallacy/audio_clips/44_2020/1352.wav|MMUSED-fallacy/audio_clips/44_2020/1353.wav|MMUSED-fallacy/audio_clips/44_2020/1354.wav,0
train,656,"I never, ever conceived of such a thing. I never said any such thing.",MMUSED-fallacy/audio_clips/12_1984/87.wav|MMUSED-fallacy/audio_clips/12_1984/88.wav,0
train,657,"You know, this man has no credibility on the issue.",MMUSED-fallacy/audio_clips/25_2000/1007.wav,2
train,658,"Prime Minister Rabin gave his life because someone in his own country literally hated him for trying to bring peace. I would like to have had a big, organized summit, but those people were killing each other, rapidly, innocent Arab children, innocent Israeli people, they were dying.",MMUSED-fallacy/audio_clips/22_1996/679.wav|MMUSED-fallacy/audio_clips/22_1996/680.wav,0
train,659,"Our tax structure is a disgrace, it needs to be reformed.",MMUSED-fallacy/audio_clips/7_1976/593.wav,0
train,660,"To repeat myself, we have this year the opportunity, which we'll realize, to produce 800 million tons of coal - an unequaled record in the history of our country.",MMUSED-fallacy/audio_clips/9_1980/468.wav,0
train,661,"And it's insulting to suggest that we would knock anyone for their faith, and in fact, Joe if elected will be only the second practicing Catholic, as President of the United States.",MMUSED-fallacy/audio_clips/45_2020/605.wav,0
train,662,So the president's wrong.,MMUSED-fallacy/audio_clips/32_2004/461.wav,0
train,663,"After three years of coming to the office, I love some of those guys, they were great, they came into the office.",MMUSED-fallacy/audio_clips/46_2020/1046.wav,0
train,664,This is the kind of leadership that we've had in this administration on the most deadly issue of our times.,MMUSED-fallacy/audio_clips/12_1984/377.wav,0
train,665,"I believe the president made a huge mistake, a catastrophic mistake, not to live up to his own standard, which was: build a true global coalition, give the inspectors time to finish their job and go through the U. N. process to its end and go to war as a last resort.",MMUSED-fallacy/audio_clips/31_2004/1162.wav,0
train,666,"During the time that the vice president and the president have been in office, 4 million more Americans have fallen into poverty.",MMUSED-fallacy/audio_clips/30_2004/536.wav,3
train,667,"The Soviet Union has been engaged in the biggest military buildup in the history of man at the same time that we tried the policy of unilateral disarmament, of weakness, if you will.",MMUSED-fallacy/audio_clips/12_1984/116.wav,0
train,668,"In the seven years before this Administration came into power in Washington, we found that six hundred million people went behind the Iron Curtain.",MMUSED-fallacy/audio_clips/4_1960/30.wav,0
train,669,"Our general economy, our national economy, our mainstream economy is democratic, is based on incentives, a small ""d"" Al, it's capitalism and incentives for working and saving and investing and producing, and families and the things that really lead to progress up that ladder that we call ""The American Dream,"" but is what is really universal.",MMUSED-fallacy/audio_clips/23_1996/150.wav,5
train,670,But I have tremendous respect for women.,MMUSED-fallacy/audio_clips/42_2016/46.wav,0
train,671,"If every family in America signed up, like the senator suggested, if would cost us $5 trillion over 10 years. It's an empty promise. It's called bait and switch.",MMUSED-fallacy/audio_clips/32_2004/124.wav|MMUSED-fallacy/audio_clips/32_2004/125.wav|MMUSED-fallacy/audio_clips/32_2004/126.wav,0
train,672,"They came after me spying on my campaign. They started from the day I won, and even before I won.",MMUSED-fallacy/audio_clips/44_2020/1622.wav|MMUSED-fallacy/audio_clips/44_2020/1623.wav,0
train,673,"Uh - He sent a mission - the President - in 1955 of Mr. uh - Robertson and Admiral Radford. General Ridgway said - who was Chief of Staff: ""To go to war for Quemoy and Matsu to me would seem an unwarranted and tragic course to take. To me that concept is completely repugnant."" So I stand with them. I stand with the Secretary of State, Mr. Herter, who said these islands were indefensible.",MMUSED-fallacy/audio_clips/3_1960/155.wav|MMUSED-fallacy/audio_clips/3_1960/157.wav|MMUSED-fallacy/audio_clips/3_1960/158.wav|MMUSED-fallacy/audio_clips/3_1960/159.wav|MMUSED-fallacy/audio_clips/3_1960/160.wav,1
train,674,"As George Will said the other day, ""Freedom on the march; not in Russia right now.""",MMUSED-fallacy/audio_clips/29_2004/1033.wav,1
train,675,"I think the moment that you give to the union, on the one side, and to management, on the other side, the escape hatch of eventually going to government to get it settled, that most of these great strikes will end up being settled by government, and that will be a - be in the end, in my opinion, wage control; it would mean price control - all the things that we do not want.",MMUSED-fallacy/audio_clips/3_1960/274.wav,4
train,676,I thought the administration was opposed to the Midgetman. I thought the administration was at the negotiating table in Geneva suggesting that we ban mobile missile systems entirely.,MMUSED-fallacy/audio_clips/13_1988/623.wav|MMUSED-fallacy/audio_clips/13_1988/624.wav,1
train,677,"That was in an ad, Jim, that was knocked down by the journalists who analyzed the ad and said it was misleading.",MMUSED-fallacy/audio_clips/28_2000/345.wav,1
train,678,"It is unAmerican, and to think that in the 21st Century this kind of nonsense is still going on.",MMUSED-fallacy/audio_clips/26_2000/653.wav,0
train,679,It means making more progress in civil rights than we have so that we can be a splendid example for all the world to see - a democracy in action at its best.,MMUSED-fallacy/audio_clips/4_1960/511.wav,0
train,680,"And, now, I think the American people are less interested in our hurt feelings during the course of the campaign than addressing the issues that matter to them so deeply.",MMUSED-fallacy/audio_clips/36_2008/334.wav,0
train,681,"You folks home will have an empty chair at the kitchen table this morning. That man or wife going to bed tonight and reaching over to try to touch their, out of habit, where their wife or husband was, is gone.",MMUSED-fallacy/audio_clips/46_2020/144.wav|MMUSED-fallacy/audio_clips/46_2020/145.wav,0
train,682,"So after Speaker Gingrich and Senator Dole took over the Congress, I went to New Hampshire and a man suggested -- a gentleman that unfortunately just passed away a couple of days ago, suggested that we appoint a commission. And I shook hands with him on it and I appointed my members, and the commission never met.",MMUSED-fallacy/audio_clips/22_1996/308.wav|MMUSED-fallacy/audio_clips/22_1996/309.wav,0
train,683,"He said it was xenophobic and hysterical, but I can tell you, having led the White House Coronavirus Task Force, that that decision alone by President Trump bought us invaluable time to stand up the greatest national mobilization since World War II.",MMUSED-fallacy/audio_clips/45_2020/70.wav,0
train,684,I've been disturbed by the tone and the tenor of this campaign.,MMUSED-fallacy/audio_clips/20_1992/202.wav,0
train,685,You know there's not a day gone by that I haven't thought of every American family that's lost a loved one. And I want all of you to know that you'll always be in our hearts and in our prayers.,MMUSED-fallacy/audio_clips/45_2020/100.wav|MMUSED-fallacy/audio_clips/45_2020/101.wav,0
train,686,"Now, Joe, you're rich, congratulations, and you will then fall into the category where you'll have to pay a fine if you don't provide health insurance that Senator Obama mandates, not the kind that you think is best for your family, your children, your employees, but the kind that he mandates for you.",MMUSED-fallacy/audio_clips/36_2008/658.wav,2
train,687,"Senator Dole remembers well that we actually offered not to even put in a healthcare bill in 1994, uh '93, but instead to work with the Senate Republicans and write a joint bill. And they said no because they got a memo from one of their political advisers saying that instead they should characterize whatever we did as big government and make sure nothing was done to aid healthcare before the '94 elections so they could make that claim.",MMUSED-fallacy/audio_clips/22_1996/593.wav|MMUSED-fallacy/audio_clips/22_1996/594.wav,2
train,688,"When I was in a rope line just the other day, coming out here from Wisconsin, a couple of young returnees were in the line, one active duty, one from the Guard. And they both looked at me and said: We need you. You've got to help us over there.",MMUSED-fallacy/audio_clips/29_2004/314.wav|MMUSED-fallacy/audio_clips/29_2004/315.wav|MMUSED-fallacy/audio_clips/29_2004/316.wav,0
train,689,"But I have a write-off, a lot of it's depreciation, which is a wonderful charge.",MMUSED-fallacy/audio_clips/42_2016/342.wav,0
train,690,"If we can just tap the intelligence and ability, the sound common sense and the good judgment of the American people, we can once again have a foreign policy to make us proud instead of ashamed.",MMUSED-fallacy/audio_clips/6_1976/127.wav,1
train,691,They're more dangerous today than they were four years ago.,MMUSED-fallacy/audio_clips/30_2004/170.wav,0
train,692,My biggest disappointment in Washington is how partisan the town is.,MMUSED-fallacy/audio_clips/32_2004/1011.wav,0
train,693,And this is the greatest country on Earth.,MMUSED-fallacy/audio_clips/33_2008/907.wav,5
train,694,"And the last president of the United States that tried that was Herbert Hoover, and we went from a deep recession into a depression.",MMUSED-fallacy/audio_clips/36_2008/576.wav,0
train,695,"And the president's been very busy running around the country using what I just described to you as a reason to say I'm wishy-washy, that I'm a flip-flopper.",MMUSED-fallacy/audio_clips/31_2004/975.wav,2
train,696,It's going to be a beautiful thing to watch. Companies will come.,MMUSED-fallacy/audio_clips/41_2016/81.wav|MMUSED-fallacy/audio_clips/41_2016/82.wav,0
train,697,"They said the problem is, no matter how well you run Obamacare, it's a disaster.",MMUSED-fallacy/audio_clips/44_2020/279.wav,2
train,698,We have gone from the biggest deficits to the biggest surpluses.,MMUSED-fallacy/audio_clips/25_2000/831.wav,3
train,699,"There is no question but that this nation cannot stand still; because we are in a deadly competition, a competition not only with the men in the Kremlin, but the men in Peking.",MMUSED-fallacy/audio_clips/1_1960/75.wav,0
train,700,And I had the will of the people in my state behind me.,MMUSED-fallacy/audio_clips/28_2000/959.wav,0
train,701,It is time for a change.,MMUSED-fallacy/audio_clips/18_1992/34.wav,5
train,702,"And they were called, and he called them, super predators.",MMUSED-fallacy/audio_clips/46_2020/1028.wav,2
train,703,"The most recent figures, the last three months, on the third quarter of this year, the inflation rate is 7% - still too high, but it illustrates very vividly that in addition to providing an enormous number of jobs - nine million new jobs in the last three and a half years - that the inflationary threat is still urgent on us.",MMUSED-fallacy/audio_clips/9_1980/115.wav,0
train,704,They're dying in the suburbs.,MMUSED-fallacy/audio_clips/44_2020/1148.wav,1
train,705,"I was in Houston on Tuesday meeting with a group of good citizens, working citizens. All of them with little or no health insurance. One of them was a father who had been laid off a few months ago and lost his health insurance.",MMUSED-fallacy/audio_clips/13_1988/195.wav|MMUSED-fallacy/audio_clips/13_1988/196.wav|MMUSED-fallacy/audio_clips/13_1988/197.wav,0
train,706,I care about 100 percent of the American people. I want 100 percent of the American people to have a bright and prosperous future.,MMUSED-fallacy/audio_clips/39_2012/1147.wav|MMUSED-fallacy/audio_clips/39_2012/1148.wav,0
train,707,We have gone from a triple-dip recession during the previous 12 years to a tripling of the stock market.,MMUSED-fallacy/audio_clips/25_2000/832.wav,3
train,708,The fact of the matter is the plan is so complex that the ordinary American is never going to ever figure out what they even qualify for.,MMUSED-fallacy/audio_clips/26_2000/197.wav,0
train,709,"In fact, people that would not be necessarily on my side said that, ""President Trump did a phenomenal job.""",MMUSED-fallacy/audio_clips/44_2020/401.wav,1
train,710,"And in so doing, at the same time, we built a new breed of human called an American - a proud, an independent., and a most compassionate individual, for the most part.",MMUSED-fallacy/audio_clips/8_1980/412.wav,0
train,711,"We have to bring back law and order. Now, whether or not in a place like Chicago you do stop and frisk, which worked very well, Mayor Giuliani is here, worked very well in New York.",MMUSED-fallacy/audio_clips/41_2016/589.wav|MMUSED-fallacy/audio_clips/41_2016/592.wav,5
train,712,He talks about the progress in the field of slum clearance and the like.,MMUSED-fallacy/audio_clips/4_1960/497.wav,0
train,713,I signed a bill to stop these drive-by deliveries when insurance companies can force people out of the hospital after 24 hours and I vetoed Senator Dole's Medicare plan that would have forced a lot of seniors into managed care and taken a lot more money out of their pockets and led to Medicare withering on the vine.,MMUSED-fallacy/audio_clips/22_1996/597.wav,0
train,714,I think this is an opportunity for the United States to test President Putin of Russia.,MMUSED-fallacy/audio_clips/26_2000/275.wav,0
train,715,"But I don't confuse words with strength; and in my judgment if the summit was useful, if it would have brought us closer to peace, that rather than the lie that we told - which has been criticized by all responsible people afterwards - it would have been far better for us to follow the common diplomatic procedure of expressing regrets and then try to move on.",MMUSED-fallacy/audio_clips/2_1960/65.wav,0
train,716,"When you are proud and confident of your strength, you do not get down to the level of Mr. Khrushchev and his colleagues.",MMUSED-fallacy/audio_clips/4_1960/66.wav,0
train,717,"He embraces guys like the thugs like in North Korea, and, and, and the Chinese president and Putin and others, and he pokes his finger in the eye of all our friends, all of our allies.",MMUSED-fallacy/audio_clips/46_2020/541.wav,2
train,718,"But I disagree with them, as do many.",MMUSED-fallacy/audio_clips/32_2004/349.wav,1
train,719,"And that was the serious, serious threat.",MMUSED-fallacy/audio_clips/31_2004/99.wav,0
train,720,"I saw cases in West Virginia, here in the United States, where children took home part of their school lunch in order to feed their families because I don't think we're meeting our obligations toward these Americans.",MMUSED-fallacy/audio_clips/1_1960/28.wav,0
train,721,"No, he doesn't know how to do that.",MMUSED-fallacy/audio_clips/44_2020/236.wav,2
train,722,"But let me remind you, my family has suffered from drug abuse. I know what it's like to see somebody you love nearly lose their lives, and I hate drugs, Senator. We need to do this together and we can.",MMUSED-fallacy/audio_clips/22_1996/372.wav|MMUSED-fallacy/audio_clips/22_1996/373.wav|MMUSED-fallacy/audio_clips/22_1996/374.wav,0
train,723,Freedom is on the march.,MMUSED-fallacy/audio_clips/31_2004/1252.wav,5
train,724,"That's why Senator Hagel, Republican, says, you know: beyond pitiful, beyond embarrassing, in the zone of dangerous.",MMUSED-fallacy/audio_clips/31_2004/1169.wav,0
train,725,The only thing consistent about my opponent's position is that he's been inconsistent.,MMUSED-fallacy/audio_clips/29_2004/540.wav,0
train,726,The president did nothing.,MMUSED-fallacy/audio_clips/29_2004/804.wav,2
train,727,"But when you say what the American people have done over these last eight months hasn't worked, that's a great disservice to the sacrifices the American people have made.",MMUSED-fallacy/audio_clips/45_2020/102.wav,1
train,728,America is the greatest place on the face of the earth.,MMUSED-fallacy/audio_clips/22_1996/50.wav,0
train,729,"If we had not taken our initiative, it's very, very possible that uh - the government of Rhodesia would have been overrun and that the Soviet Union and the Cubans would have dominated uh - southern Africa.",MMUSED-fallacy/audio_clips/6_1976/434.wav,4
train,730,"We know freedom is a powerful, powerful, powerful force, much bigger than the United States of America, as we saw recently in the Balkans.",MMUSED-fallacy/audio_clips/27_2000/418.wav,0
train,731,I will fight for middle-class families and working men and women and I will never let you down.,MMUSED-fallacy/audio_clips/25_2000/987.wav,0
train,732,"Well, Aleppo is a disaster.",MMUSED-fallacy/audio_clips/43_2016/522.wav,0
train,733,I will not do anything to affect the rights of hunters or sportsmen.,MMUSED-fallacy/audio_clips/27_2000/602.wav,0
train,734,"The American people can make up their mind about whether that's a liberal record or a record that's good for America. Liberal, conservative, you put whatever label you want on it.",MMUSED-fallacy/audio_clips/22_1996/851.wav|MMUSED-fallacy/audio_clips/22_1996/852.wav,1
train,735,A promise made will be a promise kept.,MMUSED-fallacy/audio_clips/25_2000/900.wav,5
train,736,"As a matter of fact, the tools now given to the terrorist fighters are the same tools that we've been using against drug dealers and white-collar criminals.",MMUSED-fallacy/audio_clips/31_2004/950.wav,0
train,737,"It's taken months and months and months to get Mr. Bush and the administration to support that legislation, and they're still resisting.",MMUSED-fallacy/audio_clips/13_1988/499.wav,0
train,738,"Well, this has been a tough campaign. It's been a very tough campaign.",MMUSED-fallacy/audio_clips/36_2008/306.wav|MMUSED-fallacy/audio_clips/36_2008/307.wav,0
train,739,Our bonds with Israel are larger than agreements or disagreements on some details of diplomatic initiatives.,MMUSED-fallacy/audio_clips/27_2000/101.wav,0
train,740,"Specifically, look at George Tenet, the CIA director's testimony before the Committee on Foreign Relations two years ago when he talked about a 10-year relationship.",MMUSED-fallacy/audio_clips/30_2004/24.wav,1
train,741,How stupid is our country?,MMUSED-fallacy/audio_clips/42_2016/432.wav,0
train,742,It's been a fantastic program and has been there for 65 years that has provided benefits for senior citizens over that period of time.,MMUSED-fallacy/audio_clips/26_2000/533.wav,0
train,743,"He started his business with $14 million, borrowed from his father, and he really believes that the more you help wealthy people, the better off we'll be and that everything will work out from there. I don't buy that.",MMUSED-fallacy/audio_clips/41_2016/101.wav|MMUSED-fallacy/audio_clips/41_2016/102.wav,2
train,744,"And as for singling people out because of race, you know, James Byrd was singled out because of his race in Texas.",MMUSED-fallacy/audio_clips/27_2000/456.wav,0
train,745,"And I think if you were to talk to Dick Cheney's daughter, who is a lesbian, she would tell you that she's being who she was, she's being who she was born as.",MMUSED-fallacy/audio_clips/32_2004/328.wav,1
train,746,"Now, that, I think, is one of the most serious, sort of, reversals or mixed messages that you could possibly send.",MMUSED-fallacy/audio_clips/29_2004/816.wav,0
train,747,Now America has been carrying a tremendous load in this respect.,MMUSED-fallacy/audio_clips/3_1960/428.wav,0
train,748,This president has turned his back on the wellness of America.,MMUSED-fallacy/audio_clips/32_2004/110.wav,0
train,749,"The thing about Iraq, of course, was at the end of the war we had pretty well decimated their military.",MMUSED-fallacy/audio_clips/26_2000/390.wav,0
train,750,"He's absolutely wrong, number one.",MMUSED-fallacy/audio_clips/44_2020/1458.wav,0
train,751,People are fed up. They've had enough with the bickering and the partisanship that seems to characterize the debate that goes on in the nation's capital.,MMUSED-fallacy/audio_clips/26_2000/570.wav|MMUSED-fallacy/audio_clips/26_2000/571.wav,0
train,752,"It's the single most important public health crisis, single most important public health emergency we've had in our lifetimes and I think there are a number of things we have to do including supporting legislation which is now moving through the Congress, which will commit this nation to the resources to find a cure which will provide broad education and prevention, which will provide sensitive and caring treatment for the victims of AIDS.",MMUSED-fallacy/audio_clips/13_1988/219.wav,0
train,753,"We can't close up our nation, we have to open our school, and we can't close up our nation, or you're not going to have a nation.",MMUSED-fallacy/audio_clips/46_2020/136.wav,4
train,754,"And I believe this Administration has not met its responsibilities in the last eight years, that our power relative to that of the Communists is declining, that we're facing a very hazardous time in the sixties, and unless the United States begin to move here - unless we start to go ahead - I don't believe that we're going to meet our responsibility to our own people or to the cause of freedom.",MMUSED-fallacy/audio_clips/2_1960/316.wav,4
train,755,"Under my plan, I'll be reducing taxes tremendously, from 35 percent to 15 percent for companies, small and big businesses.",MMUSED-fallacy/audio_clips/41_2016/79.wav,0
train,756,The American people who have had to sacrifice far too much because of the incompetence of this administration.,MMUSED-fallacy/audio_clips/45_2020/132.wav,1
train,757,I know I'm ready for it. I think the American people are too.,MMUSED-fallacy/audio_clips/7_1976/59.wav|MMUSED-fallacy/audio_clips/7_1976/60.wav,0
train,758,"These are very important values to me, because this is the America that I know and love.",MMUSED-fallacy/audio_clips/42_2016/60.wav,0
train,759,"In addition to that, I believe that this element of discrimination is something that the South has seen so vividly as a blight on our region of the country which has now been corrected - not only racial discrimination but discrimination against people that have to work for a living - because we have been trying to pick ourselves up by our bootstraps, since the long depression years, and lead a full and useful life in the affairs of this country. We have made remarkable success.",MMUSED-fallacy/audio_clips/9_1980/616.wav|MMUSED-fallacy/audio_clips/9_1980/617.wav,0
train,760,"Once again, the president is misleading America.",MMUSED-fallacy/audio_clips/32_2004/457.wav,0
train,761,It's the end of a reign of terror.,MMUSED-fallacy/audio_clips/26_2000/246.wav,0
train,762,He talks about the art of the deal.,MMUSED-fallacy/audio_clips/44_2020/868.wav,0
train,763,President Bush has taken -- he's the only president in history to do this. He's also the only president in 72 years to lose jobs -- 1. 6 million jobs lost. He's the only president to have incomes of families go down for the last three years; the only president to see exports go down; the only president to see the lowest level of business investment in our country as it is today.,MMUSED-fallacy/audio_clips/32_2004/148.wav|MMUSED-fallacy/audio_clips/32_2004/149.wav|MMUSED-fallacy/audio_clips/32_2004/150.wav|MMUSED-fallacy/audio_clips/32_2004/151.wav,0
train,764,"There's still fewer people in uniform today, but person-to-person, person-by-person, unit-by-unit, this is the most powerful and effective military, not only in the world today, but in the history of the world.",MMUSED-fallacy/audio_clips/26_2000/348.wav,5
train,765,I resent that comment.,MMUSED-fallacy/audio_clips/3_1960/35.wav,0
train,766,I believe that the boycott of American businesses by the Arab countries because those businesses trade with Israel or because they have American Jews who are owners or directors in the company is an absolute disgrace.,MMUSED-fallacy/audio_clips/6_1976/543.wav,0
train,767,"What they're doing to us is a very, very sad thing. So we have to do that.",MMUSED-fallacy/audio_clips/41_2016/117.wav|MMUSED-fallacy/audio_clips/41_2016/118.wav,0
train,768,This president has never once vetoed one bill; the first president in a hundred years not to do that.,MMUSED-fallacy/audio_clips/32_2004/166.wav,0
train,769,"Your rhetoric, Senator, would be a lot more credible if there was a record to back it up. There isn't.",MMUSED-fallacy/audio_clips/30_2004/223.wav|MMUSED-fallacy/audio_clips/30_2004/224.wav,2
train,770,"I broke with my party in order to balance the budget, and Ronald Reagan signed into law the tax cut that we voted for.",MMUSED-fallacy/audio_clips/32_2004/286.wav,1
train,771,You leave future generations with tremendous IOUs.,MMUSED-fallacy/audio_clips/25_2000/935.wav,0
train,772,I am here because I have in my brain and in my heart what it takes to lead America through tough times.,MMUSED-fallacy/audio_clips/18_1992/76.wav,0
train,773,"Now as far as President Eisenhower is concerned, I have often heard him discuss this question. As I uh - related a moment ago, the President has always indicated that we must not make the mistake in dealing with the dictator of indicating that we are going to make a concession at the point of a gun.",MMUSED-fallacy/audio_clips/3_1960/129.wav|MMUSED-fallacy/audio_clips/3_1960/130.wav,1
train,774,"You know, the vice president says he wants to impose the death penalty on drug traffickers, and yet his administration has a federal furlough program which is one of the most permissive in the country, which gave last year 7,000 furloughs to drug traffickers and drug pushers, the same people that he says he now wants to execute.",MMUSED-fallacy/audio_clips/13_1988/418.wav,2
train,775,He's Putin's puppy.,MMUSED-fallacy/audio_clips/44_2020/1325.wav,2
train,776,"The terrorism czar, who has worked for every president since Ronald Reagan, said, ""Invading Iraq in response to 9/11 would be like Franklin Roosevelt invading Mexico in response to Pearl Harbor.""",MMUSED-fallacy/audio_clips/29_2004/372.wav,1
train,777,Franklin Roosevelt said in 1936 that that generation of Americans had a rendezvous with destiny.,MMUSED-fallacy/audio_clips/4_1960/484.wav,0
train,778,"That's not wishy-washy, and that's what I'm fighting for, you.",MMUSED-fallacy/audio_clips/31_2004/60.wav,0
train,779,But they are important and dangerous now because they are mounting a major effort within their own country.,MMUSED-fallacy/audio_clips/1_1960/15.wav,0
train,780,"Three weeks from today, our nation will make a fateful decision.",MMUSED-fallacy/audio_clips/18_1992/933.wav,0
train,781,The catalyst for this housing crisis was the Fannie and Freddie Mae that caused subprime lending situation that now caused the housing market in America to collapse.,MMUSED-fallacy/audio_clips/36_2008/51.wav,3
train,782,Obamacare is a disaster. You know it. We all know it.,MMUSED-fallacy/audio_clips/42_2016/186.wav|MMUSED-fallacy/audio_clips/42_2016/187.wav|MMUSED-fallacy/audio_clips/42_2016/188.wav,0
train,783,We are less respected now than we were eight years ago or even four years ago.,MMUSED-fallacy/audio_clips/33_2008/906.wav,0
train,784,And I will tell you that I'm going to make our country safe.,MMUSED-fallacy/audio_clips/42_2016/50.wav,0
train,785,"It will cause the six-party talks to evaporate. It will mean that China no longer is involved in convincing, along with us, for Kim Jong Il to get rid of his weapons.",MMUSED-fallacy/audio_clips/29_2004/994.wav|MMUSED-fallacy/audio_clips/29_2004/995.wav,4
train,786,"So I want to ask the American people, how calm were you when you were panicked about where you're going to get your next roll of toilet paper? How calm were you when your kids were sent home from school and you didn't know when they could go back?",MMUSED-fallacy/audio_clips/45_2020/94.wav|MMUSED-fallacy/audio_clips/45_2020/95.wav,0
train,787,"I'm not a politician, but I think I could go to Washington in a week and get everybody holding hands and get this bill signed because I talk to the Democratic leaders and they want it. I talk to the Republican leaders and they want it.",MMUSED-fallacy/audio_clips/20_1992/353.wav|MMUSED-fallacy/audio_clips/20_1992/354.wav,1
train,788,The American people decide.,MMUSED-fallacy/audio_clips/29_2004/516.wav,0
train,789,Right this very minute we're sending supplies in to help these little starving kids in Somalia.,MMUSED-fallacy/audio_clips/21_1992/201.wav,0
train,790,"My wife Tipper, who is here, actually went on a military plane with General Sholicatchvieli on one of those flights.",MMUSED-fallacy/audio_clips/27_2000/267.wav,1
train,791,"We're dying with it, because he's never said — he said it's dangerous.",MMUSED-fallacy/audio_clips/46_2020/148.wav,4
train,792,You call yourself the King of Debt.,MMUSED-fallacy/audio_clips/41_2016/516.wav,2
train,793,And I think this shows a callous indifference to the families that have suffered so much.,MMUSED-fallacy/audio_clips/7_1976/490.wav,0
train,794,I guess my answer to that is the man is running on Medi-scare.,MMUSED-fallacy/audio_clips/25_2000/134.wav,0
train,795,We were threatened by a veto if we passed a dollar and a quarter - it's extremely difficult with the great power that the president does to pass any bill when the president is opposed to it.,MMUSED-fallacy/audio_clips/1_1960/353.wav,0
train,796,"I think the greatest thing that ever happened to the South was the passage of the Civil Rights Act and the opening up of opportunities - uh to black people - the chance to vote, to hold a job, to buy a house, to go to school, and to participate in public affairs.",MMUSED-fallacy/audio_clips/7_1976/311.wav,0
train,797,"But you know why the Pell Grants have gone up in their numbers? Because more people qualify for them because they don't have money. But they're not getting the $5,100 the president promised them. They're getting less money.",MMUSED-fallacy/audio_clips/32_2004/289.wav|MMUSED-fallacy/audio_clips/32_2004/290.wav|MMUSED-fallacy/audio_clips/32_2004/291.wav|MMUSED-fallacy/audio_clips/32_2004/292.wav,3
train,798,I -- I don't think that Senator Obama understands that there was a failed state in Pakistan when Musharraf came to power.,MMUSED-fallacy/audio_clips/33_2008/577.wav,1
train,799,"And the vice president didn't say much about it in your earlier question, but Paul Bremer has now made clear that they didn't have enough troops and they didn't have a plan.",MMUSED-fallacy/audio_clips/30_2004/915.wav,1
train,800,"I want to make sure the seniors have the promise made will be a promise kept, but I want younger workers to be able to manage some of their own money, some of their own payroll taxes in the private sector under certain guidelines to get a better rate of return on your own money.",MMUSED-fallacy/audio_clips/25_2000/1051.wav,5
train,801,"Not one, single, solitary thing was out of line.",MMUSED-fallacy/audio_clips/46_2020/490.wav,0
train,802,But we have to stop our jobs from being stolen from us.,MMUSED-fallacy/audio_clips/41_2016/72.wav,0
train,803,And the reason it's so difficult for schools to control that is because in recent years there has been a flood of cheap handguns that are so widely available that kids are finding ways to get ahold of them.,MMUSED-fallacy/audio_clips/27_2000/692.wav,0
train,804,"In fact, what, Joe, if you want to do the right thing with your employees and you want to provide them health insurance, we'll give you a 50 percent credit so that you will actually be able to afford it.",MMUSED-fallacy/audio_clips/36_2008/640.wav,1
train,805,"This commitment has been opening up a very bright vista for our nation in the future, because with the windfall profits tax as a base, we now have an opportunity to use American technology and American ability and American natural resources to expand rapidly the production of synthetic fuels, yes; to expand rapidly the production of solar energy, yes; and also to produce the traditional kinds of American energy.",MMUSED-fallacy/audio_clips/9_1980/441.wav,0
train,806,The United States cannot continue to carry the major share of this burden by itself.,MMUSED-fallacy/audio_clips/3_1960/434.wav,0
train,807,"And the formula I've given you works, we've put it through a good economic model, we've got good economists on the West Coast, Michael Boskin and Marty Feldstein up there who's a very respected economist in the - Massachusetts. And they agree, that if we can do what I've said, we can get it down without going and socking the American taxpayer once again.",MMUSED-fallacy/audio_clips/13_1988/156.wav|MMUSED-fallacy/audio_clips/13_1988/157.wav,1
train,808,"He twisted arms and got six Democrats to vote the other way, but we lost by one vote.",MMUSED-fallacy/audio_clips/22_1996/203.wav,0
train,809,You are robbing the American people of their savings.,MMUSED-fallacy/audio_clips/8_1980/49.wav,0
train,810,"The woman who bought the guns for the two boys who did that killing at Columbine said that if she had had to give her name and fill out a form there, she would not have bought those guns.",MMUSED-fallacy/audio_clips/27_2000/658.wav,0
train,811,So don't give me the stuff about how you're this innocent baby.,MMUSED-fallacy/audio_clips/46_2020/1094.wav,2
train,812,"I think the greatest possibilities of our country, our dreams and our hopes, are out there just waiting for us to grab onto them.",MMUSED-fallacy/audio_clips/32_2004/1086.wav,0
train,813,He wants to put all our eggs in one basket and give that basket to the major oil companies.,MMUSED-fallacy/audio_clips/9_1980/473.wav,2
train,814,This is the problem I have with the big spending liberals.,MMUSED-fallacy/audio_clips/13_1988/526.wav,2
train,815,It's time for a fresh start after a season of cynicism.,MMUSED-fallacy/audio_clips/25_2000/974.wav,0
train,816,"I am eternally optimistic, and I happen to believe that we've made great progress from the days when I was young and when this country didn't even know it had a racial problem.",MMUSED-fallacy/audio_clips/9_1980/221.wav,0
train,817,"Now, on this issue of aiding Pakistan, if you're going to aim a gun at somebody, George Shultz, our great secretary of state, told me once, you'd better be prepared to pull the trigger.",MMUSED-fallacy/audio_clips/33_2008/531.wav,1
train,818,"And, number two, I said, and very strongly, NATO could be obsolete, because—and I was very strong on this, and it was actually covered very accurately in the New York Times, which is unusual for the New York Times, to be honest—but I said, they do not focus on terror.",MMUSED-fallacy/audio_clips/41_2016/967.wav,2
train,819,"And that is why, in this field, I have made recommendations which I am confident will move the American economy ahead - move it firmly and soundly so that there will never be a time when the Soviet Union will be able to challenge our superiority in this field.",MMUSED-fallacy/audio_clips/4_1960/61.wav,1
train,820,"It's a very, very sad thing.",MMUSED-fallacy/audio_clips/44_2020/679.wav,0
train,821,That's the most noble thing that anybody can do.,MMUSED-fallacy/audio_clips/29_2004/580.wav,0
train,822,"First of all, I won't repeat the mistake that I regret enormously, and that is, after we were able to help the Afghan freedom fighters and drive the Russians out of Afghanistan, we basically washed our hands of the region.",MMUSED-fallacy/audio_clips/33_2008/528.wav,0
train,823,"In the meantime, bin Laden is still out there. He is not captured. He is not killed.",MMUSED-fallacy/audio_clips/33_2008/926.wav|MMUSED-fallacy/audio_clips/33_2008/927.wav|MMUSED-fallacy/audio_clips/33_2008/928.wav,0
train,824,"We ask the people that are viewing tonight, are you better off than you were four years ago.",MMUSED-fallacy/audio_clips/22_1996/144.wav,1
train,825,They know the Republican Party hasn't done it. They know the Democratic party won't do it. We ought to agree that somebody else should do it.,MMUSED-fallacy/audio_clips/22_1996/322.wav|MMUSED-fallacy/audio_clips/22_1996/323.wav|MMUSED-fallacy/audio_clips/22_1996/324.wav,1
train,826,And we need law and order.,MMUSED-fallacy/audio_clips/41_2016/576.wav,5
train,827,"Now when I heard George Bush say at the convention in Houston, that when he heard the phrase ""we won the Cold War,"" it made him wonder who the ""we"" was.",MMUSED-fallacy/audio_clips/18_1992/342.wav,0
train,828,"I think that part of it is the crime infested neighborhoods, and that's why I'm a strong believer in trying to control crimes in the neighborhood, why I was so pleased to be endorsed by the policemen on the beat, the Boston Police Department the other day.",MMUSED-fallacy/audio_clips/13_1988/483.wav,1
train,829,President Trump and I have great confidence in the American people and their ability to take that information and put it into practice.,MMUSED-fallacy/audio_clips/45_2020/116.wav,0
train,830,"The vice president, I'm surprised to hear him talk about records.",MMUSED-fallacy/audio_clips/30_2004/478.wav,2
train,831,"Everybody who's looked at it, 500 economists, seven Nobel prize winners, say it's bad for the economy.",MMUSED-fallacy/audio_clips/22_1996/931.wav,1
train,832,"This election is about the future of our country, not about personal attacks against one candidate or another.",MMUSED-fallacy/audio_clips/18_1992/892.wav,0
train,833,And she lied.,MMUSED-fallacy/audio_clips/42_2016/302.wav,2
train,834,It's ruining us in trade.,MMUSED-fallacy/audio_clips/10_1984/661.wav,0
train,835,"For two years, the president didn't even engage with North Korea, did nothing at all, while it was growing more dangerous, despite the warnings of former Secretary of Defense William Perry, who negotiated getting television cameras and inspectors into that reactor.",MMUSED-fallacy/audio_clips/31_2004/315.wav,1
train,836,"Unless the president speaks, then of course uh - the country doesn't speak, and Franklin Roosevelt said: ""The pre - uh - the presidency of the United States is above all a place of moral leadership.""",MMUSED-fallacy/audio_clips/2_1960/152.wav,1
train,837,"That means we need new jobs, good jobs, with rising incomes. I want us to invest in you.",MMUSED-fallacy/audio_clips/41_2016/30.wav|MMUSED-fallacy/audio_clips/41_2016/31.wav,0
train,838,"And quite frankly, when I look at their plan that talks about advancing testing, creating new PPE, developing a vaccine, umm, it looks a little bit like plagiarism, which is something Joe Biden knows a little bit about.",MMUSED-fallacy/audio_clips/45_2020/78.wav,2
train,839,"And the only thing that looks good is the stock market, but if you raise interest rates even a little bit, that's going to come crashing down. We are in a big, fat, ugly bubble.",MMUSED-fallacy/audio_clips/41_2016/376.wav|MMUSED-fallacy/audio_clips/41_2016/377.wav,0
train,840,"Small businessmen and women, African-American, Asian Americans, Latino Americans, female Americans would be able to start their businesses.",MMUSED-fallacy/audio_clips/23_1996/218.wav,0
train,841,Ask the people in the armed forces today.,MMUSED-fallacy/audio_clips/29_2004/856.wav,1
train,842,"When we have a country that's doing so badly, that's being ripped off by every single country in the world, it's the kind of thinking that our country needs, because everybody—Lester, we have a trade deficit with all of the countries that we do business with, of almost $800 billion a year.",MMUSED-fallacy/audio_clips/41_2016/394.wav,0
train,843,"Were ready to go to work at the state and local level, all of us. I know the private sector is. People are all over the country.",MMUSED-fallacy/audio_clips/13_1988/518.wav|MMUSED-fallacy/audio_clips/13_1988/519.wav|MMUSED-fallacy/audio_clips/13_1988/520.wav,0
train,844,"Now, look, Americans are hurting tonight and they're angry and I understand that, and they want a new direction.",MMUSED-fallacy/audio_clips/36_2008/256.wav,0
train,845,"I wouldn't want to be a liberal either, Mr. President, but you're stuck with it because that's your record, that's your record in Arkansas: The biggest tax increase in history.",MMUSED-fallacy/audio_clips/22_1996/920.wav,0
train,846,I don't think General Douglas MacArthur would like that too much.,MMUSED-fallacy/audio_clips/41_2016/301.wav,1
train,847,"The living Americans today have fought harder, paid a higher price for freedom, and done more to advance the dignity of man than any people who ever lived on this earth.",MMUSED-fallacy/audio_clips/8_1980/424.wav,0
train,848,"Look, this is the year -- this is in the aftermath of Columbine, and Paducah, and all the places in our country where the nation has been shocked by these weapons in the hands of the wrong people.",MMUSED-fallacy/audio_clips/27_2000/657.wav,0
train,849,"He changes positions on something as fundamental as what you believe in your core, in your heart of hearts, is right in Iraq.",MMUSED-fallacy/audio_clips/29_2004/892.wav,0
train,850,I began this campaign because I was so tired of seeing such foolish things happen to our country.,MMUSED-fallacy/audio_clips/42_2016/17.wav,0
train,851,It's going to be a beautiful thing to watch.,MMUSED-fallacy/audio_clips/41_2016/81.wav,0
train,852,This guy has a dog whistle about as big as a fog horn.,MMUSED-fallacy/audio_clips/46_2020/1142.wav,2
train,853,"Our initial military success, we went in to Baghdad and everybody celebrated. And then the war was very badly mishandled. I went to Iraq in 2003 and came back and said, we've got to change this strategy. This strategy requires additional troops, it requires a fundamental change in strategy and I fought for it. And finally, we came up with a great general and a strategy that has succeeded. This strategy has succeeded. And we are winning in Iraq.",MMUSED-fallacy/audio_clips/33_2008/382.wav|MMUSED-fallacy/audio_clips/33_2008/383.wav|MMUSED-fallacy/audio_clips/33_2008/384.wav|MMUSED-fallacy/audio_clips/33_2008/385.wav|MMUSED-fallacy/audio_clips/33_2008/386.wav|MMUSED-fallacy/audio_clips/33_2008/387.wav|MMUSED-fallacy/audio_clips/33_2008/388.wav,3
train,854,"Obviously, no President wants war, and I certainly do not believe that Governor Reagan, if he were President, would want war, but a President in the Oval Office has to make a judgment on almost a daily basis about how to exercise the enormous power of our country for peace, through diplomacy, or in a careless way in a belligerent attitude which has exemplified his attitudes in the past.",MMUSED-fallacy/audio_clips/9_1980/576.wav,0
train,855,"When I closed and banned China from coming in heavily infected, and then ultimately Europe, but China was in January — months later he was saying I was xenophobic, I did it too soon.",MMUSED-fallacy/audio_clips/46_2020/91.wav,2
train,856,I also - know that as far as the human beings on this earth are concerned that the nonproliferation of atomic weapons is number one.,MMUSED-fallacy/audio_clips/6_1976/378.wav,0
train,857,We won the Cold War because we invested in national security. We won the Cold War because we invested in our military. We won the Cold War because America had the political will and made the right decisions.,MMUSED-fallacy/audio_clips/18_1992/317.wav|MMUSED-fallacy/audio_clips/18_1992/318.wav|MMUSED-fallacy/audio_clips/18_1992/320.wav,3
train,858,"Five million Americans have lost their health care; 620,000 Missourians have no health care at all; 96,000 Missourians have lost their health care under President Bush.",MMUSED-fallacy/audio_clips/31_2004/882.wav,3
train,859,"We have endorsements from, I think, almost every police group, very—I mean, a large percentage of them in the United States.",MMUSED-fallacy/audio_clips/41_2016/580.wav,1
train,860,We've graduated 15 million kids from high school in the last few years who can't read at a significant level. They are permanently sentenced to a lifetime of failure.,MMUSED-fallacy/audio_clips/26_2000/64.wav|MMUSED-fallacy/audio_clips/26_2000/65.wav,0
train,861,"I would ask for your vote, and I promise you that if you give me the extraordinary honor of serving as your president, I will work every single day, tirelessly, on your behalf and on the behalf of the future of our children.",MMUSED-fallacy/audio_clips/36_2008/933.wav,0
train,862,Because bad things happen in Philadelphia.,MMUSED-fallacy/audio_clips/44_2020/1752.wav,0
train,863,"But I know this, that President Kennedy in his inaugural address told all of us that here on Earth, God's work must truly be our own.",MMUSED-fallacy/audio_clips/32_2004/373.wav,1
train,864,Our home initiative -- our home ownership initiative -- HOPE -- that passed the Congress is a good start for having people own their own homes instead of living in these deadly tenements.,MMUSED-fallacy/audio_clips/20_1992/308.wav,0
train,865,"I'd like to have what 43 governors have -- the line item veto, so if the Congress can't cut, and we've got a reckless spending Congress, let the president have a shot at it by wiping out things that are pork barrel or something of that nature.",MMUSED-fallacy/audio_clips/20_1992/99.wav,0
train,866,What I will do as president is make sure it's more attractive to come to America again.,MMUSED-fallacy/audio_clips/39_2012/1044.wav,0
train,867,"With regard to the freedom of the individual for choice with regard to abortion, there's one individual who's not being considered at all. That's the one who is being aborted.",MMUSED-fallacy/audio_clips/8_1980/392.wav|MMUSED-fallacy/audio_clips/8_1980/393.wav,0
train,868,"Mr. Nixon misstates my figures constantly, which uh - is of course his right, but the fact of the matter is: here is where I stand and I just want to have it on the public record.",MMUSED-fallacy/audio_clips/3_1960/316.wav,2
train,869,We believe that that's too much additional money to take out of the pockets of the people.,MMUSED-fallacy/audio_clips/8_1980/323.wav,0
train,870,"And the thought that I'd be sitting here right now I know would make her proud and she must be looking down on this. You know Joe and I were raised in a very similar way. We were raised with values that are about hard work, about the value and the dignity of public service and about the importance of fighting for the dignity of all people.",MMUSED-fallacy/audio_clips/45_2020/182.wav|MMUSED-fallacy/audio_clips/45_2020/183.wav|MMUSED-fallacy/audio_clips/45_2020/184.wav,0
train,871,"Mr. Ellis, I think this idea that has been spawned here in our country that inflation somehow came upon us like a plague and therefore it's uncontrollable and no one can do anything about it, is entirely spurious and it's dangerous to say this to the people.",MMUSED-fallacy/audio_clips/9_1980/142.wav,0
train,872,Uh - I think Senator Dole would show more good judgment and discretion than to so describe uh - a heroic and brave and very outstanding leader of the military.,MMUSED-fallacy/audio_clips/7_1976/208.wav,0
train,873,"And we have to be sure that Muslims come in and report when they see something going on. When they see hatred going on, they have to report it. As an example, in San Bernardino, many people saw the bombs all over the apartment of the two people that killed 14 and wounded many, many people.",MMUSED-fallacy/audio_clips/42_2016/232.wav|MMUSED-fallacy/audio_clips/42_2016/233.wav|MMUSED-fallacy/audio_clips/42_2016/234.wav,0
train,874,"And that's why, for example, on tax policy, what I want to do is provide a middle class tax cut to 95 percent of working Americans, those who are working two jobs, people who are not spending enough time with their kids, because they are struggling to make ends meet.",MMUSED-fallacy/audio_clips/35_2008/97.wav,0
train,875,And that is the continued discussion and claim that somehow I am the villain who is going to pull the Social Security checks out from those people who are dependent on them.,MMUSED-fallacy/audio_clips/10_1984/703.wav,0
train,876,"When Governor Reagan has been asked about that, he makes the very disturbing comment that non-proliferation, or the control of the spread of nuclear weapons, is none of our business.",MMUSED-fallacy/audio_clips/9_1980/290.wav,0
train,877,"It's understandable that a Senator in the preliminary debates can make an irresponsible statement, or, maybe, an ill-advised statement.",MMUSED-fallacy/audio_clips/9_1980/388.wav,0
train,878,He's talking about his plan to keep jobs here. You know he calls it an outsourcing to keep -- stop outsourcing.,MMUSED-fallacy/audio_clips/31_2004/905.wav|MMUSED-fallacy/audio_clips/31_2004/906.wav,1
train,879,"And I was able to do so with a lot of Democrat votes, nearly 50% of the Hispanic vote, about 27% of the African-American vote, because people know I'm a conservative person and a compassionate person.",MMUSED-fallacy/audio_clips/27_2000/783.wav,1
train,880,They're all the United States.,MMUSED-fallacy/audio_clips/46_2020/260.wav,0
train,881,"Mr. George Allen, head of your Information Service, has said that that made the people of the world begin to wonder whether we were first in science. We're first in other areas of science but in space, which is the new science, we're not first.",MMUSED-fallacy/audio_clips/4_1960/290.wav|MMUSED-fallacy/audio_clips/4_1960/291.wav,1
train,882,And that's why I'm sure that our brighter days are still ahead.,MMUSED-fallacy/audio_clips/36_2008/923.wav,0
train,883,"I have been talking to a number of Congressmen who have much the same idea that I have, and that is that in the inner city areas, that in cooperation with the local government and the national Government, and using tax incentives and with cooperating with the private sector, that we have development zones.",MMUSED-fallacy/audio_clips/9_1980/197.wav,1
train,884,That was the worst part of Obamacare.,MMUSED-fallacy/audio_clips/44_2020/161.wav,0
train,885,"Right from the bottom up, the American people have got to say they want it.",MMUSED-fallacy/audio_clips/20_1992/450.wav,1
train,886,And I don't appreciate it when a candidate for president denigrates the contributions of these brave soldiers.,MMUSED-fallacy/audio_clips/29_2004/422.wav,0
train,887,We got to have health care for all Americans.,MMUSED-fallacy/audio_clips/32_2004/444.wav,0
train,888,"In all those elements, Governor Reagan has repeatedly spoken out against them, which, to me, shows a very great insensitivity to giving deprived families a better chance in life.",MMUSED-fallacy/audio_clips/9_1980/274.wav,0
train,889,The president just talked about Iraq as a center of the war on terror. Iraq was not even close to the center of the war on terror before the president invaded it.,MMUSED-fallacy/audio_clips/29_2004/185.wav|MMUSED-fallacy/audio_clips/29_2004/186.wav,2
train,890,They were teaching people that our country is a horrible place.,MMUSED-fallacy/audio_clips/44_2020/1073.wav,0
train,891,The President's economic plan calls for increasing the taxes to the point that we finally take so much money away from the people that we can balance the budget in that way. But we will have a very poor nation and a very unsound economy if we follow that path.,MMUSED-fallacy/audio_clips/9_1980/159.wav|MMUSED-fallacy/audio_clips/9_1980/160.wav,4
train,892,You resisted the appointment of a drug czar there because you thought it might interfere with treatment.,MMUSED-fallacy/audio_clips/22_1996/354.wav,3
train,893,"People are losing their jobs, they're committing suicide. There's depression, alcohol, drugs at a level that nobody's ever seen before. There's abuse, tremendous abuse.",MMUSED-fallacy/audio_clips/46_2020/228.wav|MMUSED-fallacy/audio_clips/46_2020/229.wav|MMUSED-fallacy/audio_clips/46_2020/230.wav,0
train,894,"The reality is, when you look at the Biden plan, it reads an awful lot like what President Trump and I and our task force have been doing every step of the way.",MMUSED-fallacy/audio_clips/45_2020/77.wav,0
train,895,"Maryland would not extradite Willie Horton, the man who was furloughed, the murderer, because they didn't want him to be furloughed again.",MMUSED-fallacy/audio_clips/13_1988/435.wav,1
train,896,I think of the man who grabbed me by the shoulder once with tears in his eyes and said his daughter was dying of cancer and he thanked me for giving him a chance to spend some time with her without losing his job because of the Family and Medical Leave Act.,MMUSED-fallacy/audio_clips/22_1996/1075.wav,0
train,897,"My responses is, he is xenophobic but not because he shut down access from China.",MMUSED-fallacy/audio_clips/46_2020/102.wav,2
train,898,"Absolutely. I mean, she calls our people deplorable, a large group, and irredeemable.",MMUSED-fallacy/audio_clips/42_2016/479.wav|MMUSED-fallacy/audio_clips/42_2016/480.wav,0
train,899,"It's a lonely job, but with the involvement of the American people in the process, with an open Government, the job is a very gratifying one.",MMUSED-fallacy/audio_clips/9_1980/649.wav,0
train,900,"And it's important for America to confront the situation in Iran, because Iran is an enormous threat to Israel and to the Israeli people.",MMUSED-fallacy/audio_clips/30_2004/456.wav,0
train,901,I want crystal clean water and air.,MMUSED-fallacy/audio_clips/44_2020/1402.wav,0
train,902,"Ours is a great land, and one of the reasons why is because we're free.",MMUSED-fallacy/audio_clips/28_2000/680.wav,0
train,903,And I want to honor that among his other achievements here.,MMUSED-fallacy/audio_clips/28_2000/814.wav,1
train,904,"That when people own something, they have a stake in the American dream. That is Affirmative Action in America.",MMUSED-fallacy/audio_clips/23_1996/128.wav|MMUSED-fallacy/audio_clips/23_1996/129.wav,0
train,905,"Now, Mr. Herter in 1958, when he was Under Secretary of State, said they were strategically undefensible.",MMUSED-fallacy/audio_clips/2_1960/449.wav,1
train,906,"The administration, seems like we're having a great love fest tonight, but the administration made the right decision on training Nigerian troops for situations just such as this in Rwanda, and so I thought they made the right decision not to send U. S. troops into Rwanda.",MMUSED-fallacy/audio_clips/27_2000/262.wav,0
train,907,"But I think that we should find a way to allow some kind of civic unions, and I basically agree with Dick Cheney and Joe Lieberman.",MMUSED-fallacy/audio_clips/27_2000/566.wav,1
train,908,Senator Obama doesn't seem to understand there is a connected between the two.,MMUSED-fallacy/audio_clips/33_2008/624.wav,2
train,909,"But when I proposed my plan this past Tuesday, he or one of his spokesmen called it socialized medicine. The last time the Vice President used that phrase, I suspect he remembers it, don't you? It was in 1964 and that's what he called Medicare. Well, he was wrong then and he's wrong now.",MMUSED-fallacy/audio_clips/13_1988/211.wav|MMUSED-fallacy/audio_clips/13_1988/212.wav|MMUSED-fallacy/audio_clips/13_1988/213.wav|MMUSED-fallacy/audio_clips/13_1988/214.wav,3
train,910,"If wind, water or fire destroyed them, we built them again.",MMUSED-fallacy/audio_clips/8_1980/411.wav,0
train,911,But we've got to keep going forward without killing off the engine and throwing people out of work.,MMUSED-fallacy/audio_clips/13_1988/179.wav,0
train,912,"But whether I agree or disagree with some individual, or what he may say, or how he may say it, I don't think there's any way that we can suggest that because people believe in God and go to church, that they should not want reflected in those people and those causes they support, their own belief in morality, and in the high traditions and principles which we've abandoned so much in this country.",MMUSED-fallacy/audio_clips/8_1980/357.wav,1
train,913,I vowed to the American people after that fateful day of September the 11th that we would not rest nor tire until we're safe.,MMUSED-fallacy/audio_clips/31_2004/1242.wav,0
train,914,This is a difficult and sensitive matter.,MMUSED-fallacy/audio_clips/3_1960/296.wav,0
train,915,"And if he had been in power, in other words, if we would have said, ""Let the inspectors work, or let's, you know, hope to talk him out. Maybe an 18th resolution would work,"" he would have been stronger and tougher, and the world would have been a lot worse off. There's just no doubt in my mind we would rue the day, had Saddam Hussein been in power.",MMUSED-fallacy/audio_clips/29_2004/689.wav|MMUSED-fallacy/audio_clips/29_2004/690.wav|MMUSED-fallacy/audio_clips/29_2004/691.wav,4
train,916,I didn't want to give a slush fund to Halliburton.,MMUSED-fallacy/audio_clips/31_2004/1189.wav,0
train,917,John McCain is for me for president because he understands I have the right view in winning the war on terror and that my plan will succeed in Iraq.,MMUSED-fallacy/audio_clips/32_2004/1023.wav,1
train,918,"But you're absolutely correct, it is a threat, it's a huge threat.",MMUSED-fallacy/audio_clips/31_2004/311.wav,0
train,919,"And I've heard this question from a lot of Muslim-Americans across our country, because, unfortunately, there's been a lot of very divisive, dark things said about Muslims.",MMUSED-fallacy/audio_clips/42_2016/240.wav,0
train,920,"And I have said again and again and again let's get off mud wrestling, let's get off personalities and let's talk about jobs, health care, crime, the things that concern the American people.",MMUSED-fallacy/audio_clips/20_1992/163.wav,0
train,921,"And it permits - economists on the East Coast and West think it's good - it permits the president to sort out the priorities, and we continue to grow because I will not raise taxes.",MMUSED-fallacy/audio_clips/13_1988/135.wav,1
train,922,You can't even say the word law enforcement.,MMUSED-fallacy/audio_clips/44_2020/1018.wav,2
train,923,"But yes, I'm worried. I'm worried. I'm worried about our country.",MMUSED-fallacy/audio_clips/31_2004/487.wav|MMUSED-fallacy/audio_clips/31_2004/488.wav|MMUSED-fallacy/audio_clips/31_2004/489.wav,0
train,924,"But I would like to call the attention of the people to the fact that that so-called simple amendment would be used by mischievous men to destroy discriminations that properly belong, by law, to women respecting the physical differences between the two sexes, labor laws that protect them against things that would be physically harmful to them.",MMUSED-fallacy/audio_clips/9_1980/623.wav,0
train,925,"You have so many different things you have to be able to do, and I don't believe that Hillary has the stamina.",MMUSED-fallacy/audio_clips/41_2016/1194.wav,2
train,926,"All of these things and all the promises and commitments that Senator Obama and I made (inaudible) made to you tonight will base -- will be based on whether you can trust us or not to be careful stewards of your tax dollar, to make sure America is safe and secure and prosperous, to make sure we reform the institutions of government.",MMUSED-fallacy/audio_clips/36_2008/908.wav,1
train,927,"Although Governor Reagan has changed his position lately, on four different occasions, he has advocated making Social Security a voluntary system, which would, in effect, very quickly bankrupt it.",MMUSED-fallacy/audio_clips/9_1980/522.wav,4
train,928,"I should make it very clear that I do not think we're doing enough, that I am not satisfied as an American with the progress that we're making.",MMUSED-fallacy/audio_clips/1_1960/22.wav,0
train,929,"If you put American troops in there in larger number and don't get the Iraqis into the fight, you'll postpone the day when you can in fact bring our boys home.",MMUSED-fallacy/audio_clips/30_2004/941.wav,0
train,930,"On the question of the cost of our budget, I have stated that it's my best judgment that our agricultural program will cost a billion and a half, possibly two billion dollars less than the present agricultural program.",MMUSED-fallacy/audio_clips/3_1960/306.wav,0
train,931,It's an illusion.,MMUSED-fallacy/audio_clips/25_2000/741.wav,0
train,932,"They're called poll watchers, a very safe, very nice thing.",MMUSED-fallacy/audio_clips/44_2020/1748.wav,0
train,933,"And if the agricultural economy collapses, then the economy of the rest of the United States sooner or later will collapse.",MMUSED-fallacy/audio_clips/1_1960/200.wav,4
train,934,He will kill it.,MMUSED-fallacy/audio_clips/46_2020/1396.wav,0
train,935,Governor Carter apparently doesn't know the facts.,MMUSED-fallacy/audio_clips/6_1976/335.wav,2
train,936,The policies of the last eight years and -- and Washington's unwillingness to tackle the tough problems for decades has left us in the worst economic crisis since the Great Depression.,MMUSED-fallacy/audio_clips/36_2008/917.wav,0
train,937,"In Iraq, he had this cockamamie idea about dividing Iraq into three countries.",MMUSED-fallacy/audio_clips/36_2008/484.wav,0
train,938,"Like Mr. Perot, I am concerned about the deficits and $150 billion is a lot of money, but it's awful hard to say we're going to go out and spend more money when we're trying to get the deficit down.",MMUSED-fallacy/audio_clips/20_1992/300.wav,0
train,939,"82,000 Arizonians lost their health insurance under President Bush's watch.",MMUSED-fallacy/audio_clips/32_2004/106.wav,0
train,940,Because this ever-rising arms race madness makes both nations less secure.,MMUSED-fallacy/audio_clips/12_1984/519.wav,0
train,941,"Now, as to why I should be and he shouldn't be, when he was a candidate in 1976, President Carter invented a thing he called the misery index. He added the rate of unemployment and the rate of inflation, and it came, at that time, to 12.5% under President Ford. Today, by his own decision, the misery index is in excess of 20%, and I think this must suggest something.",MMUSED-fallacy/audio_clips/9_1980/583.wav|MMUSED-fallacy/audio_clips/9_1980/584.wav|MMUSED-fallacy/audio_clips/9_1980/586.wav,2
train,942,We have to change the culture of America.,MMUSED-fallacy/audio_clips/36_2008/744.wav,0
train,943,I think we all know America is going through tough times right now.,MMUSED-fallacy/audio_clips/36_2008/916.wav,0
train,944,"That, I think, is a mistake and I think that this is a fundamental difference in our campaign and how we would approach health care.",MMUSED-fallacy/audio_clips/36_2008/655.wav,1
train,945,"I read a report, or a memo, from somebody in his 1988 campaign -- I forgot the fellow's name -- warning then Senator Gore to be careful about exaggerating claims. I thought during his debate with Senator Bradley saying he authored the EITC when it didn't happen.",MMUSED-fallacy/audio_clips/27_2000/983.wav|MMUSED-fallacy/audio_clips/27_2000/984.wav,1
train,946,A great American hero.,MMUSED-fallacy/audio_clips/45_2020/550.wav,0
train,947,"He's a brave, brave man.",MMUSED-fallacy/audio_clips/29_2004/646.wav,0
train,948,"I don't think there's any question about that, and I resent it. I resent it.",MMUSED-fallacy/audio_clips/13_1988/302.wav|MMUSED-fallacy/audio_clips/13_1988/303.wav,0
train,949,"Because in this critical year - period of the sixties we've got to move forward, all Americans must move forward together, and we have to get the greatest cooperation possible between labor and management.",MMUSED-fallacy/audio_clips/3_1960/280.wav,0
train,950,"The president has denied 9. 2 million women $3,800 a year, but he doesn't hesitate to fight for $136,000 to a millionaire.",MMUSED-fallacy/audio_clips/32_2004/722.wav|MMUSED-fallacy/audio_clips/32_2004/723.wav,2
train,951,"Why can't they do it quietly? Why can't they do the attack, make it a sneak attack, and after the attack is made, inform the American public that we've knocked out the leaders, we've had a tremendous success?",MMUSED-fallacy/audio_clips/42_2016/428.wav|MMUSED-fallacy/audio_clips/42_2016/429.wav,0
train,952,And there are other ways of squeezing this budget without constantly picking on our senior citizens and the most vulnerable in American life.,MMUSED-fallacy/audio_clips/10_1984/87.wav,0
train,953,The fact of the matter is he's flat lying.,MMUSED-fallacy/audio_clips/46_2020/1309.wav,2
train,954,"There's another part of the lopsided economy that we're in today, and that is that these heavy deficits have killed exports and are swamping the Nation with cheap imports.",MMUSED-fallacy/audio_clips/10_1984/623.wav,0
train,955,"First of all, what my opponent wants you to forget is that he voted to authorize the use of force and now says it's the wrong war at the wrong time at the wrong place.",MMUSED-fallacy/audio_clips/29_2004/210.wav,2
train,956,"We need to know the full extent of Senator Obama's relationship with ACORN, who is now on the verge of maybe perpetrating one of the greatest frauds in voter history in this country, maybe destroying the fabric of democracy.",MMUSED-fallacy/audio_clips/36_2008/395.wav,2
train,957,"And so I'm very proud of the way that came about and I think it's a very, very good beginning.",MMUSED-fallacy/audio_clips/20_1992/299.wav,0
train,958,And the birther lie was a very hurtful one.,MMUSED-fallacy/audio_clips/41_2016/794.wav,2
train,959,"This is a group of killers who will not only kill here, but kill children in Russia, that'll attack unmercifully in Iraq, hoping to shake our will.",MMUSED-fallacy/audio_clips/29_2004/69.wav,0
train,960,They talk about frivolous cases.,MMUSED-fallacy/audio_clips/30_2004/717.wav,0
train,961,It will create tremendous numbers of new jobs.,MMUSED-fallacy/audio_clips/41_2016/275.wav,0
train,962,"We need to cut the business tax rate in America. We need to encourage business. Now, of all times in America, we need to cut people's taxes. We need to encourage business, create jobs, not spread the wealth around.",MMUSED-fallacy/audio_clips/36_2008/142.wav|MMUSED-fallacy/audio_clips/36_2008/143.wav|MMUSED-fallacy/audio_clips/36_2008/144.wav|MMUSED-fallacy/audio_clips/36_2008/145.wav,0
train,963,"I guess the question I would ask of Mr. Bush is how we instill those values, how we create this environment for the drug free schools that we want in this country.",MMUSED-fallacy/audio_clips/13_1988/81.wav,2
train,964,"Now, my fellow Americans, that's an invitation to disaster.",MMUSED-fallacy/audio_clips/32_2004/556.wav,0
train,965,I believe that many of the things they have done are evil in any concept of morality that we have.,MMUSED-fallacy/audio_clips/12_1984/102.wav,0
train,966,"The kind of country we have here, the kind of society we have, the kind of strength we build in the United States will be the defense of freedom.",MMUSED-fallacy/audio_clips/1_1960/16.wav,0
train,967,Let's look at it as graded by the National Taxpayers Union and the Citizens Against Government Waste and the other watchdog organizations.,MMUSED-fallacy/audio_clips/36_2008/262.wav,0
train,968,"In St. Louis, Missouri, in June of this year, Bill Clinton said this: ""America is the mockery of the world.""",MMUSED-fallacy/audio_clips/18_1992/46.wav,0
val,0,"First of all, let me sharply disagree with the President on sharing the most advanced, the most dangerous, the most important technology in America with the Soviet Union.",MMUSED-fallacy/audio_clips/12_1984/488.wav,0
val,1,"Tomorrow, Afghanistan will be voting for a president. In Iraq, we'll be having free elections, and a free society will make this world more peaceful.",MMUSED-fallacy/audio_clips/31_2004/1253.wav|MMUSED-fallacy/audio_clips/31_2004/1254.wav,4
val,2,That's what the economists tell us.,MMUSED-fallacy/audio_clips/10_1984/814.wav,1
val,3,"He was a patriot and the people left behind, there, were heroes.",MMUSED-fallacy/audio_clips/44_2020/1355.wav,0
val,4,"The power of example is America's greatest power in the world. And that means, for example, standing up for human rights. It means addressing the problems of injustice and inequity, along the lines of race and ethnicity here at home, because in all these other places around the world where they're having these terrible problems, when they feel hope, it is often because they see in us a reflection of their potential.",MMUSED-fallacy/audio_clips/27_2000/43.wav|MMUSED-fallacy/audio_clips/27_2000/44.wav|MMUSED-fallacy/audio_clips/27_2000/45.wav,3
val,5,"One, he clearly has a litmus test for his judges, which I disagree with.",MMUSED-fallacy/audio_clips/32_2004/784.wav,2
val,6,"We have lost over 4,000 lives. We have seen 30,000 wounded, and most importantly, from a strategic national security perspective, al Qaeda is resurgent, stronger now than at any time since 2001.",MMUSED-fallacy/audio_clips/33_2008/407.wav|MMUSED-fallacy/audio_clips/33_2008/408.wav,3
val,7,"And so I favor, strongly favor, term limits.",MMUSED-fallacy/audio_clips/20_1992/469.wav,0
val,8,They're going to do a tremendous job. I'm getting rid of the carried interest provision.,MMUSED-fallacy/audio_clips/41_2016/319.wav|MMUSED-fallacy/audio_clips/41_2016/320.wav,0
val,9,The Bishop of that very church said that it was a disgrace.,MMUSED-fallacy/audio_clips/44_2020/987.wav,2
val,10,"We are the greatest country on the face of the earth. We do more good things for more people in our communities, our neighborhoods, than anywhere that I know of.",MMUSED-fallacy/audio_clips/22_1996/1092.wav|MMUSED-fallacy/audio_clips/22_1996/1093.wav,0
val,11,They're with the insurance companies.,MMUSED-fallacy/audio_clips/30_2004/1025.wav,2
val,12,"My vision of America is an America where everyone has a place, if you're willing to work hard, you do your part, you contribute to the community. That's what America is. That's what we want America to be for our children and our grandchildren.",MMUSED-fallacy/audio_clips/42_2016/242.wav|MMUSED-fallacy/audio_clips/42_2016/243.wav|MMUSED-fallacy/audio_clips/42_2016/244.wav,0
val,13,It's not what the American people thought they were getting when they voted.,MMUSED-fallacy/audio_clips/29_2004/1062.wav,1
val,14,"Tragically, I was right: Nearly 300 Marines lost their lives in the bombing of the barracks.",MMUSED-fallacy/audio_clips/33_2008/582.wav,0
val,15,"And until we do, Americans here at home are not going to be safe.",MMUSED-fallacy/audio_clips/33_2008/526.wav,0
val,16,"Now when they talk about our record here, it is well that they recognize that they have to stand up for their record as well.",MMUSED-fallacy/audio_clips/2_1960/193.wav,2
val,17,"I believe that Ronald Reagan, John Kennedy, and the others did that more effectively, and I'm going to try to follow in their footsteps.",MMUSED-fallacy/audio_clips/29_2004/510.wav,1
val,18,"And I'll tell you, I had a town hall meeting in Wolfeboro, New Hampshire, and a woman stood up and she said, ""Senator McCain, I want you to do me the honor of wearing a bracelet with my son's name on it."" He was 22 years old and he was killed in combat outside of Baghdad, Matthew Stanley, before Christmas last year. This was last August, a year ago. And I said, ""I will -- I will wear his bracelet with honor."" And this was August, a year ago. And then she said, ""But, Senator McCain, I want you to do everything -- promise me one thing, that you'll do everything in your power to make sure that my son's death was not in vain."" That means that that mission succeeds, just like those young people who re-enlisted in Baghdad, just like the mother I met at the airport the other day whose son was killed. And they all say to me that we don't want defeat.",MMUSED-fallacy/audio_clips/33_2008/592.wav|MMUSED-fallacy/audio_clips/33_2008/593.wav|MMUSED-fallacy/audio_clips/33_2008/594.wav|MMUSED-fallacy/audio_clips/33_2008/595.wav|MMUSED-fallacy/audio_clips/33_2008/596.wav|MMUSED-fallacy/audio_clips/33_2008/597.wav|MMUSED-fallacy/audio_clips/33_2008/598.wav|MMUSED-fallacy/audio_clips/33_2008/599.wav,0
val,19,And with our economy in such terrible disarray and getting worse by the month.,MMUSED-fallacy/audio_clips/6_1976/399.wav,0
val,20,"There is no bigger judgment for a president of the United states than how you take a nation to war. And you can't say, because Saddam might have done it 10 years from now, that's a reason; that's an excuse.",MMUSED-fallacy/audio_clips/31_2004/1176.wav|MMUSED-fallacy/audio_clips/31_2004/1177.wav,1
val,21,"While he was CEO of Halliburton, they paid millions of dollars in fines for providing false information on their company, just like Enron and Ken Lay.",MMUSED-fallacy/audio_clips/30_2004/414.wav,2
val,22,"When the recession came they were like a deer caught in the headlights -- paralyzed into inaction, blinded to the suffering and pain of bankruptcies and people who were unemployed.",MMUSED-fallacy/audio_clips/18_1992/32.wav,0
val,23,I have 21 Congressional Medal of Honor recipients who endorsed me. We talk about it all the time.,MMUSED-fallacy/audio_clips/42_2016/441.wav|MMUSED-fallacy/audio_clips/42_2016/442.wav,1
val,24,"He, on the issue of Charlottesville, where people were peacefully protesting the need for racial justice, where a young woman was killed and on the other side there were neo-Nazis carrying tiki torches shouting racial epithets, anti semitic slurs.",MMUSED-fallacy/audio_clips/45_2020/744.wav,2
val,25,Communism is the enemy of all religions; and we who do believe in God must join together.,MMUSED-fallacy/audio_clips/3_1960/258.wav,0
val,26,Surely we can work together to create a cultural life so some of these youngsters who feel like they can take a neighbor's life with a gun will understand that that's not the way America is meant to be.,MMUSED-fallacy/audio_clips/25_2000/319.wav,4
val,27,I want to make America great again.,MMUSED-fallacy/audio_clips/41_2016/1252.wav,5
val,28,"So I rolled the dice, I put my career on the line because I really believe the future of America is on the line.",MMUSED-fallacy/audio_clips/22_1996/1017.wav,0
val,29,"This president has made, I regret to say, a colossal error of judgment.",MMUSED-fallacy/audio_clips/29_2004/95.wav,0
val,30,"The American people are moving again, and moving in the right direction.",MMUSED-fallacy/audio_clips/7_1976/563.wav,5
val,31,"Our health-care system is the envy of the world because we believe in making sure that the decisions are made by doctors and patients, not by officials in the nation's capital.",MMUSED-fallacy/audio_clips/32_2004/512.wav,0
val,32,"So the fact of the matter is that if I occasionally have mistaken your policies for George Bush's policies, it's because on the core economic issues that matter to the American people, on tax policy, on energy policy, on spending priorities, you have been a vigorous supporter of President Bush.",MMUSED-fallacy/audio_clips/36_2008/278.wav,0
val,33,We might have no other choice. We'll have to see if that happens.,MMUSED-fallacy/audio_clips/26_2000/388.wav|MMUSED-fallacy/audio_clips/26_2000/389.wav,0
val,34,We told the American people what needed to be done and the American people made the sacrifices.,MMUSED-fallacy/audio_clips/45_2020/118.wav,0
val,35,"I'm not going to, because that would be pandering.",MMUSED-fallacy/audio_clips/31_2004/921.wav,0
val,36,"He has a 15-year-old daughter named Caley, who is in Sarasota High School. Her science class was supposed to be for 24 students. She's the 36th student in that classroom. They sent me a picture of her in the classroom. They can't squeeze another desk in for her, so she has to stand during class.",MMUSED-fallacy/audio_clips/25_2000/690.wav|MMUSED-fallacy/audio_clips/25_2000/691.wav|MMUSED-fallacy/audio_clips/25_2000/692.wav|MMUSED-fallacy/audio_clips/25_2000/693.wav|MMUSED-fallacy/audio_clips/25_2000/694.wav,0
val,37,"This is a contest between a Democrat in the mainstream of my party, as exemplified by the actions that I have taken in the Oval Office the last four years, as contrasted with Governor Reagan, who in most cases does typify his party, but in some cases, there is a radical departure by him from the heritage of Eisenhower and others.",MMUSED-fallacy/audio_clips/9_1980/572.wav,0
val,38,"In some cases, they're murderers, drug lords, drug problems.",MMUSED-fallacy/audio_clips/42_2016/281.wav,2
val,39,"These kinds of approaches are very dangerous to the security, the well being and the peace of mind of the retired people of this country and those approaching retirement age.",MMUSED-fallacy/audio_clips/9_1980/524.wav,0
val,40,"I get treated very badly by the IRS, very unfairly, but we had a deal all done.",MMUSED-fallacy/audio_clips/46_2020/448.wav,0
val,41,"I remember being in a high school in my own state as we were organizing something we call the Governor's Alliance Against Drugs, and a young 16 year old girl coming up to me, desperate, addicted, dependent, saying, Governor, I need help. We're providing that young woman with help.",MMUSED-fallacy/audio_clips/13_1988/62.wav|MMUSED-fallacy/audio_clips/13_1988/63.wav,0
val,42,"In 1992, before I became President, the Congress passed the Cuba Democracy Act and I enforced it vigorously.",MMUSED-fallacy/audio_clips/22_1996/538.wav,0
val,43,"But if you're a younger worker, if you're younger, you better hope this country thinks differently, otherwise you're gonna be faced with huge payroll taxes or reduced benefits.",MMUSED-fallacy/audio_clips/28_2000/968.wav,0
val,44,I think the major reason for a decrease in participation that we have experienced ever since 1960 has been the deep discouragement of the American people about the performance of public officials.,MMUSED-fallacy/audio_clips/7_1976/67.wav,0
val,45,And it is sort of amusing to hear somebody who hasn't paid federal income taxes in maybe 20 years talking about what he's going to do.,MMUSED-fallacy/audio_clips/42_2016/319.wav,0
val,46,"I have indicated to General Brown that uh - the words that he used in that interview, in that particular case and in several others, were very ill advised.",MMUSED-fallacy/audio_clips/7_1976/157.wav,1
val,47,I know what it means to see people who are unemployed.,MMUSED-fallacy/audio_clips/1_1960/145.wav,0
val,48,We don't want him fishing in troubled waters in the Middle East.,MMUSED-fallacy/audio_clips/27_2000/146.wav,0
val,49,It's a gateway to out-of-control spending and corruption.,MMUSED-fallacy/audio_clips/33_2008/137.wav,0
val,50,"He's already got $3 trillion, according to The Washington Post, of expenses that he's put on the line from his convention and the promises of this campaign, none of which are paid for. Not one of them are paid for.",MMUSED-fallacy/audio_clips/32_2004/560.wav|MMUSED-fallacy/audio_clips/32_2004/561.wav,1
val,51,"First of all, he made the misjudgment of saying to America that he was going to build a true alliance, that he would exhaust the remedies of the United Nations and go through the inspections. In fact, he first didn't even want to do that.",MMUSED-fallacy/audio_clips/29_2004/108.wav|MMUSED-fallacy/audio_clips/29_2004/109.wav,2
val,52,The worst thing that I can think can happen in this campaign would be for it to be decided on religious issues.,MMUSED-fallacy/audio_clips/3_1960/260.wav,0
val,53,"If you look back over the last eight years, the most significant accomplishments of this administration in which Al Gore was centrally involved were the result, most of them, of bipartisan agreements.",MMUSED-fallacy/audio_clips/26_2000/601.wav,1
val,54,Governor Rockefeller has been far more critical in June of our position in the world than I have been.,MMUSED-fallacy/audio_clips/2_1960/208.wav,1
val,55,I favor higher salaries for teachers.,MMUSED-fallacy/audio_clips/1_1960/324.wav,0
val,56,That's what he's done when it comes to economic policies that will help working families get a leg up.,MMUSED-fallacy/audio_clips/36_2008/445.wav,0
val,57,You wrote a letter saying that you oppose taxpayer funding of abortion. Bill Clinton has the same type of a record.,MMUSED-fallacy/audio_clips/18_1992/688.wav|MMUSED-fallacy/audio_clips/18_1992/689.wav,2
val,58,I was in Los Angeles recently and I talked to a woman who told me that she had an abortion when she was 17 years of age. And looking back on that she said it was a mistake.,MMUSED-fallacy/audio_clips/18_1992/653.wav|MMUSED-fallacy/audio_clips/18_1992/654.wav,0
val,59,"And let me, let me say on behalf of the president and the First Lady, how moved we've all been by the outpouring of prayers and concern for the President.",MMUSED-fallacy/audio_clips/45_2020/200.wav,0
val,60,We find that your wages have gone up five times as much in the Eisenhower Administration as they did in the Truman Administration.,MMUSED-fallacy/audio_clips/1_1960/105.wav,3
val,61,"Number three, we've got to deal with Pakistan, because Al Qaida and the Taliban have safe havens in Pakistan, across the border in the northwest regions, and although, you know, under George Bush, with the support of Senator McCain, we've been giving them $10 billion over the last seven years, they have not done what needs to be done to get rid of those safe havens.",MMUSED-fallacy/audio_clips/33_2008/525.wav,0
val,62,"We had a strong international coalition raid against them, effective economic sanctions, and a very robust inspection regime was in place under the U. N. auspices and it was able to do a good job of stripping out the capacity to build weapons of mass destruction, the work he had been doing that had not been destroyed during the war in biological and chemical agents, as well as a nuclear program.",MMUSED-fallacy/audio_clips/26_2000/392.wav,0
val,63,That's the argument between Mr. Nixon and myself and on that issue the American people have to make their judgment and I think it's a important judgment.,MMUSED-fallacy/audio_clips/2_1960/306.wav,1
val,64,The plane wasn't flying the way it was supposed to be; it was a waste of money.,MMUSED-fallacy/audio_clips/12_1984/186.wav,0
val,65,"But I do think we are right when we try to, for example, give mothers and newborns 48 hours before they can be kicked out of the hospital, ending these drive-by deliveries.",MMUSED-fallacy/audio_clips/22_1996/94.wav,0
val,66,They're the red states.,MMUSED-fallacy/audio_clips/46_2020/262.wav,0
val,67,I believe that the free enterprise system is the greatest engine of prosperity the world's ever known.,MMUSED-fallacy/audio_clips/39_2012/1183.wav,0
val,68,"My argument with Governor Clinton -- you can call it mud wrestling, but I think it's fair to put it in focus is -- I am deeply troubled by someone who demonstrates and organizes demonstration in a foreign land when his country's at war.",MMUSED-fallacy/audio_clips/20_1992/185.wav,0
val,69,That's not wishy- washy.,MMUSED-fallacy/audio_clips/31_2004/52.wav,0
val,70,"As president and as somebody that knows most of those people, I could call the heads of Wall Street, the heads of every company in America, I would blow away every record.",MMUSED-fallacy/audio_clips/46_2020/313.wav,4
val,71,"I'm not satisfied when we have over nine billion dollars worth of food - some of it rotting - even though there is a hungry world, and even though four million Americans wait every month for a food package from the government, which averages five cents a day per individual.",MMUSED-fallacy/audio_clips/1_1960/27.wav,0
val,72,"I know the governor's not necessarily saying that but, you know, all of these flights that have come in, all of them have been in accordance with the sanctions regime, I'm told, except for three where they notified, and they're trying to break out of the box, there's no question about it.",MMUSED-fallacy/audio_clips/27_2000/156.wav,1
val,73,"Mr. Carter had also promised that he would not use unemployment as a tool to fight against inflation. And yet, his 1980 economic message stated that we would reduce productivity and gross national product and increase unemployment in order to get a handle on inflation, because in January, at the beginning of the year, it was more than 18%.",MMUSED-fallacy/audio_clips/9_1980/149.wav|MMUSED-fallacy/audio_clips/9_1980/150.wav,2
val,74,"Peter, it's one of the most agonizing decisions a president has to make.",MMUSED-fallacy/audio_clips/13_1988/719.wav,0
val,75,"With all due respect to President Ford, I think he ought to be ashamed of mentioning that statement, because we have the highest unemployment rate now than we had at any time between the Great Depression caused by Herbert Hoover and the time President Ford took office.",MMUSED-fallacy/audio_clips/7_1976/473.wav,0
val,76,We've got two and a half million more Americans out of work now than we had when Mr. Ford took office.,MMUSED-fallacy/audio_clips/6_1976/401.wav,3
val,77,Show up and vote.,MMUSED-fallacy/audio_clips/44_2020/1599.wav,5
val,78,"Well, here's the problem with it: It sounds very good, but there's a reason that 500 economists, including seven Nobel prize winners and business periodicals like Business Week, and even Senator Dole's friends, Senator Warren Rudman, former Republican senator from New Hampshire, says it's not a practical program.",MMUSED-fallacy/audio_clips/22_1996/216.wav,1
val,79,This kind of confusion and absence of leadership has let us drift now for two years with a constantly increasing threat of atomic weapons throughout the world.,MMUSED-fallacy/audio_clips/6_1976/385.wav,3
val,80,To help local school districts build new buildings so our children are not learning in crumbling classrooms.,MMUSED-fallacy/audio_clips/26_2000/95.wav,0
val,81,Some schools aren't safe. Some schools aren't even safe. Your choice is nothing.,MMUSED-fallacy/audio_clips/22_1996/808.wav|MMUSED-fallacy/audio_clips/22_1996/809.wav|MMUSED-fallacy/audio_clips/22_1996/810.wav,0
val,82,"The most important crucial difference in this election campaign, in my judgment, is the approach to the control of nuclear weaponry and the inclination to control or not to control the spread of atomic weapons to other nations who don't presently have it, particularly terrorist nations.",MMUSED-fallacy/audio_clips/9_1980/573.wav,0
val,83,"The Soviet Union refused to agree to that, and we went to the summit and it was disastrous.",MMUSED-fallacy/audio_clips/4_1960/353.wav,0
val,84,Horribly wounded.,MMUSED-fallacy/audio_clips/42_2016/235.wav,0
val,85,"Inflation is robbing us, as we've already discussed, and the government bureaucracy is uh - just a horrible mess.",MMUSED-fallacy/audio_clips/7_1976/612.wav,0
val,86,You should get out of your bunker and get out of the sand trap in your golf course and go in the Oval Office and bring together the Democrats and Republicans and fund what needs to be done now to save lives.,MMUSED-fallacy/audio_clips/44_2020/376.wav,2
val,87,I want everybody to know should I be the president Israel's going to be our friend.,MMUSED-fallacy/audio_clips/27_2000/108.wav,0
val,88,My uncle was a victim of poisonous gas there.,MMUSED-fallacy/audio_clips/25_2000/509.wav,0
val,89,"They'd impose the Green New Deal, which would crush American energy, would increase the energy cost of American families in their homes and literally would crush American jobs.",MMUSED-fallacy/audio_clips/45_2020/349.wav,4
val,90,"I've met kids in Ohio, parents in Wisconsin places, Iowa, where they're going out on the Internet to get the state-of-the-art body gear to send to their kids. Some of them got it for a birthday present.",MMUSED-fallacy/audio_clips/29_2004/192.wav|MMUSED-fallacy/audio_clips/29_2004/193.wav,0
val,91,I have no intention of wilting. I've never wilted in my life. And I've never wavered in my life.,MMUSED-fallacy/audio_clips/29_2004/933.wav|MMUSED-fallacy/audio_clips/29_2004/934.wav|MMUSED-fallacy/audio_clips/29_2004/935.wav,0
val,92,"Now, Prime Minister Allawi came here, and he said the terrorists are pouring over the border. That's Allawi's assessment.",MMUSED-fallacy/audio_clips/29_2004/660.wav|MMUSED-fallacy/audio_clips/29_2004/661.wav,0
val,93,"We have the old slugs out there that are 10, 12 years old.",MMUSED-fallacy/audio_clips/44_2020/1441.wav,2
val,94,"The allusions to basic changes in the minimum wage is another, and the deleterious comments that Governor Reagan has made about unemployment compensation.",MMUSED-fallacy/audio_clips/9_1980/559.wav,0
val,95,We've got battling green eye shades.,MMUSED-fallacy/audio_clips/31_2004/766.wav,0
val,96,"And it would be one to take Government off the backs of the great people of this country, and turn you loose again to do those things that I know you can do so well, because you did them and made this country great.",MMUSED-fallacy/audio_clips/9_1980/684.wav,0
val,97,"And you know, according to my mother and my wife and my daughter, this world would be a lot better place if women were running it most of the time.",MMUSED-fallacy/audio_clips/21_1992/420.wav,1
val,98,"You have raised a lot of money, tremendous amounts of money.",MMUSED-fallacy/audio_clips/46_2020/310.wav,0
val,99,And we handled it responsibly and I think Captain Miller's testimony to that effect is the best evidence.,MMUSED-fallacy/audio_clips/6_1976/525.wav,1
val,100,I want everybody to know should I be the president Israel's going to be our friend. I'm going to stand by Israel.,MMUSED-fallacy/audio_clips/27_2000/108.wav|MMUSED-fallacy/audio_clips/27_2000/109.wav,0
val,101,"Well, we've got to re -- we've got to clean out the barn, if I may quote my boss, and start getting this investment money on the street so we can get, and encourage entrepreneurs to build factories.",MMUSED-fallacy/audio_clips/18_1992/246.wav,0
val,102,It's a strategy that will succeed. And Pakistan is a very important element in this. And I know how to work with them. And I guarantee you I would not publicly state that I'm going to attack them.,MMUSED-fallacy/audio_clips/33_2008/555.wav|MMUSED-fallacy/audio_clips/33_2008/556.wav|MMUSED-fallacy/audio_clips/33_2008/557.wav|MMUSED-fallacy/audio_clips/33_2008/558.wav,1
val,103,"We have to renegotiate our trade deals, and we have to stop these countries from stealing our companies and our jobs.",MMUSED-fallacy/audio_clips/41_2016/87.wav,0
val,104,This is going to be the great Trojan horse of all time.,MMUSED-fallacy/audio_clips/42_2016/260.wav,0
val,105,"Whatever the Vice President's claiming the administration has done, clearly it hasn't worked when you're looking at over 210,000 dead bodies in our country, American lives that have been lost, families that are grieving that loss.",MMUSED-fallacy/audio_clips/45_2020/84.wav,0
val,106,"America is a fair society, and it is not right that Vice President Bush pays less in taxes than the janitor who helps him.",MMUSED-fallacy/audio_clips/10_1984/830.wav,2
val,107,Take for example the marriage penalty.,MMUSED-fallacy/audio_clips/25_2000/615.wav,0
val,108,"Now, finally, if you can't pay the bills you're dead in the water.",MMUSED-fallacy/audio_clips/21_1992/536.wav,0
val,109,Bill Clinton -- Bill Clinton has trouble telling the truth. 3 words he fears most in the English language.,MMUSED-fallacy/audio_clips/18_1992/703.wav|MMUSED-fallacy/audio_clips/18_1992/704.wav,2
val,110,"Yes, we want change but we are the change. I am the change.",MMUSED-fallacy/audio_clips/13_1988/907.wav|MMUSED-fallacy/audio_clips/13_1988/908.wav,5
val,111,"This administration, by going into the Star Wars system, is going to add a dangerous new escalation.",MMUSED-fallacy/audio_clips/12_1984/522.wav,4
val,112,He would actually have to cut Government spending by at least $130 billion in order to balance the budget under this ridiculous proposal.,MMUSED-fallacy/audio_clips/9_1980/178.wav,0
val,113,General Ridgway has said the same thing.,MMUSED-fallacy/audio_clips/2_1960/451.wav,1
val,114,"Mr. Nixon knows very well that in this - in this whole matter that's been involved with the so-called religious discussion in this campaign, I've never suggested, even by the vaguest implication, that he did anything but disapprove it.",MMUSED-fallacy/audio_clips/3_1960/243.wav,0
val,115,"It would have destroyed the economy of California, and, I must say, we had the support of Congress when we pointed out how ridiculous this attempt was by the Environmental Protection Agency.",MMUSED-fallacy/audio_clips/9_1980/498.wav,0
val,116,We're doing this all around the world.,MMUSED-fallacy/audio_clips/21_1992/203.wav,0
val,117,"U-2 flight in May just before the conference was a mistake in timing because of the hazards involved, if the summit conference had any hope for success.",MMUSED-fallacy/audio_clips/3_1960/216.wav,0
val,118,Keep my promises to the American people.,MMUSED-fallacy/audio_clips/5_1976/121.wav,0
val,119,"It's not the government's money, it's your money. You're entitled to it, and we would like to see to it that we provide tax relief for everybody who pays taxes.",MMUSED-fallacy/audio_clips/26_2000/815.wav|MMUSED-fallacy/audio_clips/26_2000/816.wav,1
val,120,"I notice that Governor Reagan recently mentioned the Reagan-Kemp-Roth proposal. which his own running mate, George Bush, described as voodoo economics, and said that it would result in a 30% inflation rate. And Business Week, which is not a Democratic publication, said that this Reagan-Kemp-Roth proposal - and I quote them, I think - was completely irresponsible and would result in inflationary pressures which would destroy this nation.",MMUSED-fallacy/audio_clips/9_1980/116.wav|MMUSED-fallacy/audio_clips/9_1980/117.wav|MMUSED-fallacy/audio_clips/9_1980/118.wav,1
test,0,It was terrible.,MMUSED-fallacy/audio_clips/47_2024/10.wav,0
test,1,We had the greatest economy in the history of our country.,MMUSED-fallacy/audio_clips/47_2024/37.wav,0
test,2,We have never done so well.,MMUSED-fallacy/audio_clips/47_2024/38.wav,0
test,3,Everybody was amazed by it.,MMUSED-fallacy/audio_clips/47_2024/39.wav,0
test,4,Other countries were copying us.,MMUSED-fallacy/audio_clips/47_2024/40.wav,0
test,5,"And as far as Afghanistan is concerned, I was getting out of Afghanistan, but we were getting out with dignity, with strength, with power.",MMUSED-fallacy/audio_clips/47_2024/68.wav,0
test,6,"and he did a very poor job just a very poor job and i will tell you not only poor there but throughout the entire world we're no longer respected as a country they don't respect our leadership they don't respect the united states anymore we're like a third world nation between weaponization of his election trying to go after his political opponent all of the things he's done we've become like a third world nation and it's a shame the damage he's done to our country  And I'd love to ask him and will why he allowed millions of people to come in here from prisons, jails and mental institutions to come into our country and destroy our country.",MMUSED-fallacy/audio_clips/47_2024/89.wav,0
test,7,"He beat it to death, and he's destroying Medicare because all of these people are coming in.",MMUSED-fallacy/audio_clips/47_2024/101.wav,0
test,8,"Some people, you have to follow your heart.",MMUSED-fallacy/audio_clips/47_2024/137.wav,5
test,9, There have been many young women murdered by the same people he allows to come across our border.,MMUSED-fallacy/audio_clips/47_2024/164.wav,0
test,10,We have a border that's the most dangerous place anywhere in the world.,MMUSED-fallacy/audio_clips/47_2024/165.wav,0
test,11,Considered the most dangerous place anywhere in the world.,MMUSED-fallacy/audio_clips/47_2024/166.wav,0
test,12,"And he opened it up, and these killers are coming into our country.",MMUSED-fallacy/audio_clips/47_2024/167.wav,0
test,13,And they are raping and killing women.,MMUSED-fallacy/audio_clips/47_2024/168.wav,0
test,14,And it's a terrible thing.,MMUSED-fallacy/audio_clips/47_2024/169.wav,0
test,15," So that means he can take the life of the baby in the ninth month and even after birth because some states, Democrat run, take it after birth.",MMUSED-fallacy/audio_clips/47_2024/193.wav,0
test,16,"Again, the governor, former governor of Virginia, put the baby down, then we decide what to do with it.",MMUSED-fallacy/audio_clips/47_2024/194.wav,0
test,17,"So he's willing to, as we say, rip the baby out of the womb in the ninth month and kill the baby.",MMUSED-fallacy/audio_clips/47_2024/195.wav,0
test,18,"By the way, the Border Patrol endorsed me, endorsed my position.",MMUSED-fallacy/audio_clips/47_2024/221.wav,1
test,19,"He decided to open up our border, open up our country to people that are  from prisons, people that are from mental institutions, insane asylum, terrorists.",MMUSED-fallacy/audio_clips/47_2024/233.wav,0
test,20,"We have the largest number of terrorists coming into our country right now, all terrorists, all over the world, not just in South America, all over the world.",MMUSED-fallacy/audio_clips/47_2024/234.wav,0
test,21,"They come from the Middle East, everywhere.",MMUSED-fallacy/audio_clips/47_2024/235.wav,0
test,22,"All over the world, they're pouring in.",MMUSED-fallacy/audio_clips/47_2024/236.wav,0
test,23,They're dying because he doesn't care about our veterans.,MMUSED-fallacy/audio_clips/47_2024/264.wav,2
test,24,He doesn't care.,MMUSED-fallacy/audio_clips/47_2024/265.wav,2
test,25,He doesn't like the military at all.,MMUSED-fallacy/audio_clips/47_2024/266.wav,2
test,26,And he doesn't care about our veterans.,MMUSED-fallacy/audio_clips/47_2024/267.wav,2
test,27,Nobody been worse.,MMUSED-fallacy/audio_clips/47_2024/268.wav,2
test,28,"I was recently in France for D-Day, and I spoke about those heroes that died.",MMUSED-fallacy/audio_clips/47_2024/286.wav,0
test,29,"I went to the World War II cemetery, World War I cemetery he refused to go to.",MMUSED-fallacy/audio_clips/47_2024/287.wav,0
test,30,"He was standing with his four-star general, and he told me, he said, I don't want to go in there because there are a bunch of losers and suckers.",MMUSED-fallacy/audio_clips/47_2024/288.wav,0
test,31,"My son was not a loser, was not a sucker.",MMUSED-fallacy/audio_clips/47_2024/289.wav,0
test,32,You're the sucker.,MMUSED-fallacy/audio_clips/47_2024/290.wav,0
test,33,You're the loser.,MMUSED-fallacy/audio_clips/47_2024/291.wav,0
test,34,"When Putin saw that, he said, you know what?",MMUSED-fallacy/audio_clips/47_2024/342.wav,3
test,35,I think we're going to go in and maybe take my—this was his dream.,MMUSED-fallacy/audio_clips/47_2024/343.wav,3
test,36,"He's become like a Palestinian, but they don't like him because he's a very bad Palestinian.",MMUSED-fallacy/audio_clips/47_2024/431.wav,2
test,37,He's a weak one.,MMUSED-fallacy/audio_clips/47_2024/432.wav,2
test,38,he did do a damn thing and these people should be in jail and they should be the ones who are being held accountable and he wants to let them all out and now he says if he loses again such a whiner that he is that it could be a bloodbath thank you president biden president trump,MMUSED-fallacy/audio_clips/47_2024/507.wav,2
test,39," What they've done to some people that are so innocent, you ought to be ashamed of yourself.",MMUSED-fallacy/audio_clips/47_2024/508.wav,0
test,40,"What you have done, how you've destroyed the lives of so many people.",MMUSED-fallacy/audio_clips/47_2024/509.wav,0
test,41,"When they ripped down Portland, when they ripped down many other cities, you go to Minnesota, Minneapolis, what they've done there with the fires all over the city.",MMUSED-fallacy/audio_clips/47_2024/510.wav,0
test,42,"If I didn't bring in the National Guard, that city would have been destroyed.",MMUSED-fallacy/audio_clips/47_2024/511.wav,0
test,43,When you look at all of the  They took over big chunks of Seattle.,MMUSED-fallacy/audio_clips/47_2024/512.wav,0
test,44,We're going to make this country successful again because right now it's a failing nation.,MMUSED-fallacy/audio_clips/47_2024/537.wav,0
test,45, the idea that i did anything wrong relative to what you're talking about is outrageous it's simply a lie number one number two the idea that you have a right to seek retribution against any american just because your president is wrong is simply wrong no president's ever spoken like that before no president in our history has spoken like that before number three  the crimes that you are still charged with and think of all the civil penalties you have how many billions of dollars do you own civil penalties for for molesting a woman in public for doing a whole range of things of having sex with a porn star on the night while your wife was pregnant i mean what what are you talking about you have the morals of an alley cat,MMUSED-fallacy/audio_clips/47_2024/549.wav,2
test,46,"We had a very terrible judge, a horrible judge, Democrat.",MMUSED-fallacy/audio_clips/47_2024/554.wav,0
test,47,without question the worst president the worst presidency in the history of our country we shouldn't be having a debate about it there's nothing to debate he made up the charlottesville story and you'll see it's debunked all over the place every anchor has every reasonable actor has debunked it and just the other day it came out where it was fully debunked it's a nonsense story he knows that and he didn't run because of charlottesville he used that as an excuse to run,MMUSED-fallacy/audio_clips/47_2024/590.wav,2
test,48,He destroyed it with his Green News scam and all of the other all this money that's being thrown out the window.,MMUSED-fallacy/audio_clips/47_2024/633.wav,0
test,49,"But in inflation, he caused it by his tremendous malfeasance in the way he handled the pandemic.",MMUSED-fallacy/audio_clips/47_2024/658.wav,0
test,50,I read this morning we're ever the best numbers.,MMUSED-fallacy/audio_clips/47_2024/672.wav,0
test,51,He's lost much of the black population because he's done a horrible job for black people.,MMUSED-fallacy/audio_clips/47_2024/673.wav,0
test,52,He's also done a horrible job for Hispanics.,MMUSED-fallacy/audio_clips/47_2024/674.wav,0
test,53,But wait till you see these millions of people pouring into our country and they're going to take the jobs.,MMUSED-fallacy/audio_clips/47_2024/675.wav,0
test,54,And it's already started.,MMUSED-fallacy/audio_clips/47_2024/676.wav,0
test,55,And you haven't seen anything yet.,MMUSED-fallacy/audio_clips/47_2024/677.wav,0
test,56,It's a disaster.,MMUSED-fallacy/audio_clips/47_2024/678.wav,0
test,57,"We're in a situation where the idea that he is claiming to have done something that had the cleanest water,  cleanest water he hadn't done a damn thing in the environment he out of the paris peace accord common accord i immediately joined it because if we reach 1.5 degrees celsius at any one point where there's no way back the only existential threat to humanity is climate change and he didn't do a damn thing about it he must undo all that i've done",MMUSED-fallacy/audio_clips/47_2024/693.wav,0
test,58,It was a rip off of the United States.,MMUSED-fallacy/audio_clips/47_2024/695.wav,0
test,59,And I ended it because I didn't want to waste that money because they treat us horribly.,MMUSED-fallacy/audio_clips/47_2024/696.wav,0
test,60,He just doesn't know what he's talking about.,MMUSED-fallacy/audio_clips/47_2024/746.wav,2
test,61,"But we have 19 people that said I didn't say it, and they're very highly respected, much more so than him.",MMUSED-fallacy/audio_clips/47_2024/780.wav,1
test,62,We are the most admired country in the world.,MMUSED-fallacy/audio_clips/47_2024/819.wav,0
test,63,We're the United States of America.,MMUSED-fallacy/audio_clips/47_2024/820.wav,0
test,64,There's nothing beyond our capacity.,MMUSED-fallacy/audio_clips/47_2024/821.wav,0
test,65,We have the finest military in the history of the world.,MMUSED-fallacy/audio_clips/47_2024/822.wav,0
test,66,The finest in the history of the world.,MMUSED-fallacy/audio_clips/47_2024/823.wav,0
test,67,No one thinks we're weak.,MMUSED-fallacy/audio_clips/47_2024/824.wav,0
test,68,No one wants to screw around with us.,MMUSED-fallacy/audio_clips/47_2024/825.wav,0
test,69,Nobody.,MMUSED-fallacy/audio_clips/47_2024/826.wav,0
test,70,We have polling.,MMUSED-fallacy/audio_clips/47_2024/841.wav,1
test,71,We have other things that they rate him the worst because what he's done is so bad.,MMUSED-fallacy/audio_clips/47_2024/842.wav,1
test,72,And they rate me.,MMUSED-fallacy/audio_clips/47_2024/843.wav,1
test,73,I'll show you.,MMUSED-fallacy/audio_clips/47_2024/844.wav,1
test,74,I will show you.,MMUSED-fallacy/audio_clips/47_2024/845.wav,1
test,75,And they rate me one of the best.,MMUSED-fallacy/audio_clips/47_2024/846.wav,1
test,76, the worst president in history by far and everybody knows it president biden look the fact of the matter is that he's dead wrong about he's increased the terror he's increased he will increase the uh taxes on middle class people i said i'd never raised the tax upon anybody i'm making less than four hundred thousand dollars i didn't but this tariff is ten percent tariffs everything coming into the country you know what the economists say that's going to cost the average american the  two thousand five hundred dollars a year more because they're gonna have to pay the difference in food and all the things that are very important number two he's in a situation where he talks about how he has not raised he's he's somehow helped the middle class  The middle class has been devastated by you.,MMUSED-fallacy/audio_clips/47_2024/860.wav,0
test,77,"Now you want a new tax cut of $5 trillion over the next 10 years, which is going to fundamentally bankrupt the country.",MMUSED-fallacy/audio_clips/47_2024/861.wav,0
test,78,He gets paid by China.,MMUSED-fallacy/audio_clips/47_2024/869.wav,2
test,79,He's a Manchurian candidate.,MMUSED-fallacy/audio_clips/47_2024/870.wav,2
test,80,He gets money from China.,MMUSED-fallacy/audio_clips/47_2024/871.wav,2
test,81,So I think he's afraid to deal with it or something.,MMUSED-fallacy/audio_clips/47_2024/872.wav,2
test,82,"And the drugs pouring across the border, it started to increase.",MMUSED-fallacy/audio_clips/47_2024/887.wav,0
test,83,We got great equipment.,MMUSED-fallacy/audio_clips/47_2024/888.wav,0
test,84,"We bought the certain dog that's the most incredible thing that you've ever seen, the way they can spot it.",MMUSED-fallacy/audio_clips/47_2024/889.wav,0
test,85,This guy's three years younger and a lot less competent.,MMUSED-fallacy/audio_clips/47_2024/931.wav,2
test,86,We're the envy of the world.,MMUSED-fallacy/audio_clips/47_2024/949.wav,0
test,87,Name me a single major country president who wouldn't trade places with the United States of America for all our problems and all our opportunities.,MMUSED-fallacy/audio_clips/47_2024/950.wav,0
test,88,We're the most progressive country in the world in getting things done.,MMUSED-fallacy/audio_clips/47_2024/951.wav,0
test,89,We're the strongest country in the world.,MMUSED-fallacy/audio_clips/47_2024/952.wav,0
test,90,"We're a country in the world who keeps our word, and everybody trusts us, all of our allies, and those who he coddles up to from Kim Jong-un, who he sends love letters to, and Putin, et cetera.",MMUSED-fallacy/audio_clips/47_2024/953.wav,0
test,91,They don't want to screw around with us.,MMUSED-fallacy/audio_clips/47_2024/954.wav,0
test,92,Let's not act like children.,MMUSED-fallacy/audio_clips/47_2024/998.wav,2
test,93,We're going to make America great again.,MMUSED-fallacy/audio_clips/47_2024/1011.wav,5
test,94," You want a World War III, let him follow and win and let Putin say, do what you want, NATO.",MMUSED-fallacy/audio_clips/47_2024/1025.wav,0
test,95,"Russia, they took a lot of land from Bush.",MMUSED-fallacy/audio_clips/47_2024/1031.wav,3
test,96,They took a lot of land from Obama and Biden.,MMUSED-fallacy/audio_clips/47_2024/1032.wav,3
test,97,"They took no land, nothing from Trump, nothing.",MMUSED-fallacy/audio_clips/47_2024/1033.wav,3
test,98,He knew not to do it.,MMUSED-fallacy/audio_clips/47_2024/1034.wav,3
test,99,He's not going to play games with me.,MMUSED-fallacy/audio_clips/47_2024/1035.wav,3
test,100,He knew that.,MMUSED-fallacy/audio_clips/47_2024/1036.wav,3
test,101,"I got along with him very well, but he knew not to play games.",MMUSED-fallacy/audio_clips/47_2024/1037.wav,3
test,102,He took nothing from me.,MMUSED-fallacy/audio_clips/47_2024/1038.wav,3
test,103,But now he's going to take the whole thing from this man right here.,MMUSED-fallacy/audio_clips/47_2024/1039.wav,3
test,104,That's a war that should have never started.,MMUSED-fallacy/audio_clips/47_2024/1040.wav,3
test,105,It would have never started ever with me.,MMUSED-fallacy/audio_clips/47_2024/1041.wav,3
test,106,And he's going to take Ukraine.,MMUSED-fallacy/audio_clips/47_2024/1042.wav,3
test,107, if it's a fair and legal and good election absolutely i would have much rather accepted these but the the fraud and everything else was ridiculous and if you want we'll have a news conference on it in a week or we'll have another one of these on in a week but i will absolutely there's nothing i'd rather do it would be much easier for me to do that  then I'm running again.,MMUSED-fallacy/audio_clips/47_2024/1053.wav,0
test,108,I wasn't really going to run until I saw the horrible job he did.,MMUSED-fallacy/audio_clips/47_2024/1054.wav,0
test,109,He's destroying our country.,MMUSED-fallacy/audio_clips/47_2024/1055.wav,0
test,110,You're a whiner.,MMUSED-fallacy/audio_clips/47_2024/1061.wav,2
test,111,We've made significant progress from the debacle that was left by President Trump in his last term.,MMUSED-fallacy/audio_clips/47_2024/1065.wav,0
test,112,We're going to make it great again.,MMUSED-fallacy/audio_clips/47_2024/1098.wav,5
test,113,"Together, we will chart a new way forward.",MMUSED-fallacy/audio_clips/48_2024/0.wav,5
test,114,We will soon be a great nation again.,MMUSED-fallacy/audio_clips/48_2024/1.wav,5
test,115," So I was raised as a middle class kid, and I am actually the only person on this stage who has a plan that is about lifting up the middle class and working people of America.",MMUSED-fallacy/audio_clips/48_2024/6.wav,0
test,116,"I believe in the ambition, the aspirations, the dreams of the American people.",MMUSED-fallacy/audio_clips/48_2024/7.wav,0
test,117,"Look, we've had a terrible economy because inflation has, which is really known as a country buster.",MMUSED-fallacy/audio_clips/48_2024/33.wav,0
test,118,It breaks up countries.,MMUSED-fallacy/audio_clips/48_2024/34.wav,0
test,119,We have inflation like very few people have ever seen before.,MMUSED-fallacy/audio_clips/48_2024/35.wav,0
test,120,Probably the worst in our nation's history.,MMUSED-fallacy/audio_clips/48_2024/36.wav,0
test,121,Donald Trump left us the worst attack on our democracy since the Civil War.,MMUSED-fallacy/audio_clips/48_2024/58.wav,0
test,122,And what we have done is clean up Donald Trump's mess.,MMUSED-fallacy/audio_clips/48_2024/59.wav,0
test,123,What we have done and what I intend to do is build on what we know are the aspirations and the hopes of the American people.,MMUSED-fallacy/audio_clips/48_2024/60.wav,0
test,124,"But I'm going to tell you all in this debate tonight, you're going to hear from the same old tired playbook.",MMUSED-fallacy/audio_clips/48_2024/61.wav,0
test,125,"A bunch of lies, grievances, and name-calling.",MMUSED-fallacy/audio_clips/48_2024/62.wav,0
test,126,What you're going to hear tonight is a detailed and dangerous plan called Project 2025 that the former president intends on implementing if he were elected again.,MMUSED-fallacy/audio_clips/48_2024/63.wav,0
test,127,We did a phenomenal job with the pandemic.,MMUSED-fallacy/audio_clips/48_2024/80.wav,0
test,128,And I'd invite you to know that Donald Trump actually has no plan for you because he is more interested in defending himself than he is in looking out for you.,MMUSED-fallacy/audio_clips/48_2024/102.wav,2
test,129,"I went to the Wharton School of Finance, and many of those professors, the top professors, think my plan is a brilliant plan.",MMUSED-fallacy/audio_clips/48_2024/105.wav,1
test,130,What's going to have and who's going to have higher prices is China and all of the countries that have been ripping us off for years.,MMUSED-fallacy/audio_clips/48_2024/116.wav,0
test,131,She's a Marxist.,MMUSED-fallacy/audio_clips/48_2024/144.wav,0
test,132,Everybody knows she's a Marxist.,MMUSED-fallacy/audio_clips/48_2024/145.wav,0
test,133,"Her father's a Marxist professor in economics, and he taught her well.",MMUSED-fallacy/audio_clips/48_2024/146.wav,0
test,134,"But when you look at what she's done to our country, and when you look at these millions and millions of people that are pouring into our country monthly  where it's, I believe, 21 million people, not the 15 that people say.",MMUSED-fallacy/audio_clips/48_2024/147.wav,0
test,135,And I think it's a lot higher than the 21.,MMUSED-fallacy/audio_clips/48_2024/148.wav,0
test,136,That's bigger than New York State pouring in.,MMUSED-fallacy/audio_clips/48_2024/149.wav,0
test,137,And just look at what they're doing to our country.,MMUSED-fallacy/audio_clips/48_2024/150.wav,0
test,138,They're criminals.,MMUSED-fallacy/audio_clips/48_2024/151.wav,0
test,139,Many of these people coming in are criminals.,MMUSED-fallacy/audio_clips/48_2024/152.wav,0
test,140,"But the governor before, he said, the baby will be born, and we will decide what to do with the baby.",MMUSED-fallacy/audio_clips/48_2024/162.wav,0
test,141,"In other words, we'll execute the baby.",MMUSED-fallacy/audio_clips/48_2024/163.wav,0
test,142,"And it may take a little time,  But for 52 years, this issue has torn our country apart.",MMUSED-fallacy/audio_clips/48_2024/221.wav,0
test,143,But what we have in the former president is someone who would prefer to run on a problem instead of fixing a problem.,MMUSED-fallacy/audio_clips/48_2024/295.wav,2
test,144,They want to make America great again.,MMUSED-fallacy/audio_clips/48_2024/329.wav,5
test,145,"It's a very simple phrase, make America great again.",MMUSED-fallacy/audio_clips/48_2024/330.wav,5
test,146,"This is, I think, one of the reasons why, in this election, I actually have the endorsement of 200 Republicans who have formally worked with President Bush, Mitt Romney, and John McCain, including the endorsement of former Vice President Dick Cheney and Congress member Liz Cheney.",MMUSED-fallacy/audio_clips/48_2024/335.wav,1
test,147,"And if you want to really know the inside track on who the former president is, if he didn't make it clear already, just ask people who have worked with him.",MMUSED-fallacy/audio_clips/48_2024/336.wav,1
test,148,"His former chief of staff, a four-star general, has said he has contempt for the Constitution of the United States.",MMUSED-fallacy/audio_clips/48_2024/337.wav,1
test,149,His former national security advisor has said he is dangerous and unfit.,MMUSED-fallacy/audio_clips/48_2024/338.wav,1
test,150,"His former secretary of defense has said the nation, the republic, would never survive another Trump term.",MMUSED-fallacy/audio_clips/48_2024/339.wav,1
test,151,"And when we listen to this kind of rhetoric, when the issues that affect the American people are not being addressed, I think the choice is clear in this election.",MMUSED-fallacy/audio_clips/48_2024/340.wav,1
test,152,Crime here is up and through the roof.,MMUSED-fallacy/audio_clips/48_2024/383.wav,0
test,153,"Despite their fraudulent statements that they made, crime in this country is through the roof.",MMUSED-fallacy/audio_clips/48_2024/384.wav,0
test,154,And we have a new form of crime.,MMUSED-fallacy/audio_clips/48_2024/385.wav,0
test,155,It's called migrant crime.,MMUSED-fallacy/audio_clips/48_2024/386.wav,0
test,156,And it's happening at levels that nobody thought possible.,MMUSED-fallacy/audio_clips/48_2024/387.wav,0
test,157,"It is important that we move forward, that we turn the page on this same old tired rhetoric and address the needs of the American people, address what we need to do about the housing shortage, which I have a plan for, address what we must do to support our small businesses, address bringing down the price of groceries.",MMUSED-fallacy/audio_clips/48_2024/399.wav,0
test,158,"But frankly, the American people are exhausted with this same old tired playbook.",MMUSED-fallacy/audio_clips/48_2024/400.wav,0
test,159,"As it relates to my values, let me tell you, I grew up a middle class kid raised by a hardworking mother.",MMUSED-fallacy/audio_clips/48_2024/443.wav,0
test,160,who worked and saved and was able to buy our first home when I was a teenager.,MMUSED-fallacy/audio_clips/48_2024/444.wav,0
test,161,"She went out in Minnesota and wanted to let criminals that killed people, that burned down Minneapolis, she went out and raised money to get them out of jail.",MMUSED-fallacy/audio_clips/48_2024/472.wav,0
test,162,She did things that nobody would ever think of.,MMUSED-fallacy/audio_clips/48_2024/473.wav,0
test,163,Now she wants to do transgender operations on illegal aliens that are in prison.,MMUSED-fallacy/audio_clips/48_2024/474.wav,0
test,164,This is a radical left liberal that would do this.,MMUSED-fallacy/audio_clips/48_2024/475.wav,0
test,165,"She wants to confiscate your guns, and she will never allow fracking in Pennsylvania.",MMUSED-fallacy/audio_clips/48_2024/476.wav,0
test,166,"If she won the election, fracking in Pennsylvania will end on day one.",MMUSED-fallacy/audio_clips/48_2024/477.wav,0
test,167,She was the border czar.,MMUSED-fallacy/audio_clips/48_2024/501.wav,2
test,168,It's time to turn the page.,MMUSED-fallacy/audio_clips/48_2024/549.wav,5
test,169," It was a different term, and it was a term that related to energy, because they have destroyed our energy business.",MMUSED-fallacy/audio_clips/48_2024/556.wav,0
test,170,That was where bloodbath was.,MMUSED-fallacy/audio_clips/48_2024/557.wav,0
test,171,"And the problem that we have right now is we have a nation in decline, and they have put it into decline.",MMUSED-fallacy/audio_clips/48_2024/608.wav,0
test,172,"We have a nation that is dying, David.",MMUSED-fallacy/audio_clips/48_2024/609.wav,0
test,173,"That's deeply troubling, and the American people deserve better.",MMUSED-fallacy/audio_clips/48_2024/617.wav,0
test,174,"But when this weak, pathetic man that you saw at a debate just a few months ago, that if he weren't in that debate, he'd be running instead of Hearst.",MMUSED-fallacy/audio_clips/48_2024/641.wav,2
test,175,"If I were president, it would have never started.",MMUSED-fallacy/audio_clips/48_2024/667.wav,3
test,176,"If I were president, Russia would have never, ever, I know Putin very well, he would have never, and there was no threat of it either, by the way, for four years, have gone into Ukraine and killed millions of people when you add it up.",MMUSED-fallacy/audio_clips/48_2024/668.wav,3
test,177,"He's trying to, again, divide and distract from the reality, which is it is very well known that Donald Trump is weak and wrong on national security and foreign policy.",MMUSED-fallacy/audio_clips/48_2024/686.wav,2
test,178,"It is well known that he admires dictators, wants to be a dictator on day one, according to himself.",MMUSED-fallacy/audio_clips/48_2024/687.wav,2
test,179,"The leaders of other countries think that they're weak and incompetent, and they are.",MMUSED-fallacy/audio_clips/48_2024/700.wav,2
test,180,They're grossly incompetent.,MMUSED-fallacy/audio_clips/48_2024/701.wav,2
test,181,They're in for $150 billion less because Biden and you don't have the courage to ask Europe like I did with NATO.,MMUSED-fallacy/audio_clips/48_2024/712.wav,2
test,182,And that's not who we are as Americans.,MMUSED-fallacy/audio_clips/48_2024/750.wav,0
test,183,They sent her in to negotiate with Zelensky and Putin.,MMUSED-fallacy/audio_clips/48_2024/782.wav,2
test,184,And she did.,MMUSED-fallacy/audio_clips/48_2024/783.wav,2
test,185,And the war started three days later.,MMUSED-fallacy/audio_clips/48_2024/784.wav,2
test,186,And that's the kind of talent we have with her.,MMUSED-fallacy/audio_clips/48_2024/785.wav,2
test,187,"She's worse than Biden, in my opinion.",MMUSED-fallacy/audio_clips/48_2024/786.wav,2
test,188,I think he's the worst president in the history of our country.,MMUSED-fallacy/audio_clips/48_2024/787.wav,2
test,189,She goes down as the worst vice president in the history of our country.,MMUSED-fallacy/audio_clips/48_2024/788.wav,2
test,190,But let me tell you something.,MMUSED-fallacy/audio_clips/48_2024/789.wav,2
test,191,She is a horrible negotiator.,MMUSED-fallacy/audio_clips/48_2024/790.wav,2
test,192,"We were being ripped off by European nations, both on trade and on NATO.",MMUSED-fallacy/audio_clips/48_2024/805.wav,0
test,193,"And this former president, as president, invited them  to Camp David because he does not again appreciate the role and responsibility of the President of the United States to be Commander in Chief with a level of respect.",MMUSED-fallacy/audio_clips/48_2024/825.wav,2
test,194,"And we wouldn't have left, we wouldn't have left  $85 billion worth of brand-new, beautiful military equipment behind.",MMUSED-fallacy/audio_clips/48_2024/845.wav,0
test,195,"And just to finish, they blew it.",MMUSED-fallacy/audio_clips/48_2024/846.wav,0
test,196,"And I think the American people want better than that, want better than this, want someone who understands, as I do, I travel our country.",MMUSED-fallacy/audio_clips/48_2024/870.wav,0
test,197,We see in each other a friend.,MMUSED-fallacy/audio_clips/48_2024/871.wav,0
test,198,We see in each other a neighbor.,MMUSED-fallacy/audio_clips/48_2024/872.wav,0
test,199,We don't want a leader who is constantly trying to have Americans point their fingers at each other.,MMUSED-fallacy/audio_clips/48_2024/873.wav,0
test,200,"I meet with people all the time who tell me, can we please just have discourse about how we're going to invest in the aspirations and the ambitions and the dreams of the American people?",MMUSED-fallacy/audio_clips/48_2024/874.wav,0
test,201,"knowing that regardless of people's color or the language their grandmother speaks, we all have the same dreams and aspirations and want a president who invests in those, not in hate and division.",MMUSED-fallacy/audio_clips/48_2024/875.wav,0
test,202,The worst inflation we've ever had.,MMUSED-fallacy/audio_clips/48_2024/893.wav,0
test,203,A horrible economy because inflation has made it so bad.,MMUSED-fallacy/audio_clips/48_2024/894.wav,0
test,204,Let's turn the page and move forward.,MMUSED-fallacy/audio_clips/48_2024/910.wav,5
test,205,She has a plan to defund the police.,MMUSED-fallacy/audio_clips/48_2024/912.wav,0
test,206,She has a plan to confiscate everybody's gun.,MMUSED-fallacy/audio_clips/48_2024/913.wav,0
test,207,"Do I save it and make it as good as it can be, or do I let it rot?",MMUSED-fallacy/audio_clips/48_2024/943.wav,0
test,208,"I was a senator at the time when I will never forget the early morning hours when it was up for a vote in the United States Senate, and the late, great John McCain, who you have disparaged,  as being, you don't like him, you said at the time, because he got caught.",MMUSED-fallacy/audio_clips/48_2024/965.wav,0
test,209,He was an American hero.,MMUSED-fallacy/audio_clips/48_2024/966.wav,0
test,210,"The late, great John McCain, I will never forget that night, walked onto the Senate floor and said, no you don't.",MMUSED-fallacy/audio_clips/48_2024/967.wav,0
test,211,"And I'm also proud to have the endorsement of the United Auto Workers and Sean Fain, who also know that part of building a clean energy economy includes investing in American-made products, American automobiles, it includes.",MMUSED-fallacy/audio_clips/48_2024/1002.wav,1
test,212,"You know, Biden doesn't go after people because supposedly China paid him millions of dollars.",MMUSED-fallacy/audio_clips/48_2024/1015.wav,2
test,213,He's afraid to do it between him and his son.,MMUSED-fallacy/audio_clips/48_2024/1016.wav,2
test,214,They get all this money from Ukraine.,MMUSED-fallacy/audio_clips/48_2024/1017.wav,2
test,215,They get all this money from all of these different countries.,MMUSED-fallacy/audio_clips/48_2024/1018.wav,2
test,216,"And then you wonder, why is he so loyal to this one, that one, Ukraine, China?",MMUSED-fallacy/audio_clips/48_2024/1019.wav,2
test,217,Why is he?,MMUSED-fallacy/audio_clips/48_2024/1020.wav,2
test,218,Why did he get $3.5 million from the mayor of Moscow's wife?,MMUSED-fallacy/audio_clips/48_2024/1021.wav,2
test,219,"Why did he get, why did she pay him $3.5 million?",MMUSED-fallacy/audio_clips/48_2024/1022.wav,2
test,220,"This is a crooked administration, and they're selling our country down the tubes.",MMUSED-fallacy/audio_clips/48_2024/1023.wav,2
test,221,And I do believe that the American people know we all have so much more in common than what separates us.,MMUSED-fallacy/audio_clips/48_2024/1029.wav,0
test,222,And we can chart a new way forward.,MMUSED-fallacy/audio_clips/48_2024/1030.wav,0
test,223,"And a vision of that includes having a plan, understanding the aspirations, the dreams, the hopes, the ambition of the American people, which is why I intend to create  an opportunity economy, investing in small businesses, in new families, in what we can do around protecting seniors, what we can do that is about giving hardworking folks a break and bringing down the cost of living.",MMUSED-fallacy/audio_clips/48_2024/1031.wav,0
test,224,"I believe in what we can do together that is about sustaining America's standing in the world and ensuring that we have the respect that we so rightly deserve, including respecting our military and ensuring we have the most lethal fighting force in the world.",MMUSED-fallacy/audio_clips/48_2024/1032.wav,0
test,225,We're a failing nation.,MMUSED-fallacy/audio_clips/48_2024/1056.wav,0
test,226,We're a nation that's in serious decline.,MMUSED-fallacy/audio_clips/48_2024/1057.wav,0
test,227,We're being laughed at all over the world.,MMUSED-fallacy/audio_clips/48_2024/1058.wav,0
test,228,"All over the world, they laugh.",MMUSED-fallacy/audio_clips/48_2024/1059.wav,0
